operator,method,seed_id,coverage_fraction,risk_mae_mm,oracle_risk_mae_mm
MMP,direct_scalar_regression,20260531,0.2,1.768741032190605,0.2917702526592826
MMP,direct_scalar_regression,20260531,0.25,1.7246390690485942,0.36110988451258136
MMP,direct_scalar_regression,20260531,0.30000000000000004,1.596647585556062,0.43997890645762244
MMP,direct_scalar_regression,20260531,0.35000000000000003,1.5070875257152743,0.515378910000484
MMP,direct_scalar_regression,20260531,0.4,1.3942932581738292,0.5877979537955567
MMP,direct_scalar_regression,20260531,0.45,1.325310353484223,0.663353579030369
MMP,direct_scalar_regression,20260531,0.5,1.2557921007696122,0.7306379114485061
MMP,direct_scalar_regression,20260531,0.55,1.1836585835118283,0.7962914209451475
MMP,direct_scalar_regression,20260531,0.6000000000000001,1.1592080342653688,0.8646511967770166
MMP,direct_scalar_regression,20260531,0.65,1.144743151450372,0.9247712759524184
MMP,direct_scalar_regression,20260531,0.7,1.1737462646901582,0.9832483821341713
MMP,direct_scalar_regression,20260531,0.75,1.1861884022831062,1.048280210546554
MMP,direct_scalar_regression,20260531,0.8,1.1903168905015777,1.106390223015219
MMP,direct_scalar_regression,20260531,0.8500000000000001,1.2217653103831776,1.1655972638999899
MMP,direct_scalar_regression,20260531,0.9000000000000001,1.3074326326854753,1.2299441475400668
MMP,direct_scalar_regression,20260531,0.95,1.3797993111091387,1.3189164985723865
MMP,direct_scalar_regression,20260531,1.0,1.414016397971746,1.414016397971746
MMP,direct_scalar_regression,20260532,0.2,1.7679641134021586,0.2560353179735422
MMP,direct_scalar_regression,20260532,0.25,1.7049670894934665,0.3271369849985232
MMP,direct_scalar_regression,20260532,0.30000000000000004,1.5746082618532817,0.4079148843121941
MMP,direct_scalar_regression,20260532,0.35000000000000003,1.4590569995939815,0.47366957901697176
MMP,direct_scalar_regression,20260532,0.4,1.3336483200459954,0.5437454174815465
MMP,direct_scalar_regression,20260532,0.45,1.2521501100870025,0.6233903563649699
MMP,direct_scalar_regression,20260532,0.5,1.1978307969783675,0.6883056429075011
MMP,direct_scalar_regression,20260532,0.55,1.1589381018380767,0.7535137950548554
MMP,direct_scalar_regression,20260532,0.6000000000000001,1.1315137363359467,0.826223793055143
MMP,direct_scalar_regression,20260532,0.65,1.109507114830776,0.8886708535052085
MMP,direct_scalar_regression,20260532,0.7,1.119486094057048,0.950567853013497
MMP,direct_scalar_regression,20260532,0.75,1.142114308595161,1.0168773092233274
MMP,direct_scalar_regression,20260532,0.8,1.1600200172248463,1.075132890355843
MMP,direct_scalar_regression,20260532,0.8500000000000001,1.1998542882657846,1.1376300753413464
MMP,direct_scalar_regression,20260532,0.9000000000000001,1.2609080502914163,1.208378078054173
MMP,direct_scalar_regression,20260532,0.95,1.3394227628932307,1.297991300344428
MMP,direct_scalar_regression,20260532,1.0,1.392232237079524,1.3922322370795241
MMP,direct_scalar_regression,20260533,0.2,1.7792282687423437,0.2652328294077392
MMP,direct_scalar_regression,20260533,0.25,1.7175707296369729,0.3279373283868371
MMP,direct_scalar_regression,20260533,0.30000000000000004,1.624266266953335,0.4019323279583028
MMP,direct_scalar_regression,20260533,0.35000000000000003,1.4905158227668063,0.4697202427857647
MMP,direct_scalar_regression,20260533,0.4,1.401384362068337,0.5396886657861404
MMP,direct_scalar_regression,20260533,0.45,1.2965433347635533,0.6182524457279263
MMP,direct_scalar_regression,20260533,0.5,1.2048213204529343,0.6854649366635088
MMP,direct_scalar_regression,20260533,0.55,1.1502002426396825,0.7505001435971153
MMP,direct_scalar_regression,20260533,0.6000000000000001,1.1199084031628623,0.8214019299435035
MMP,direct_scalar_regression,20260533,0.65,1.1042278201346418,0.8832639851108958
MMP,direct_scalar_regression,20260533,0.7,1.1174156331474308,0.9433773648704538
MMP,direct_scalar_regression,20260533,0.75,1.1426444342065372,1.0082870973731384
MMP,direct_scalar_regression,20260533,0.8,1.1619107955325116,1.0660599100544117
MMP,direct_scalar_regression,20260533,0.8500000000000001,1.1858439030874384,1.12483095870764
MMP,direct_scalar_regression,20260533,0.9000000000000001,1.2501374239150191,1.1916956718280904
MMP,direct_scalar_regression,20260533,0.95,1.3207139582974834,1.2782175282296424
MMP,direct_scalar_regression,20260533,1.0,1.3709866908291488,1.3709866908291488
MMP,unet_3d,20260531,0.2,0.4425281210399924,0.37593946480723306
MMP,unet_3d,20260531,0.25,0.4456124849902871,0.38983404685262085
MMP,unet_3d,20260531,0.30000000000000004,0.45298057499040745,0.40371627522468084
MMP,unet_3d,20260531,0.35000000000000003,0.4601906544153259,0.41628419201945466
MMP,unet_3d,20260531,0.4,0.47061874835111883,0.4287714393147351
MMP,unet_3d,20260531,0.45,0.4838978909216106,0.44250801661987943
MMP,unet_3d,20260531,0.5,0.49520277627869647,0.4548895541645806
MMP,unet_3d,20260531,0.55,0.5081185068549048,0.4671494676960079
MMP,unet_3d,20260531,0.6000000000000001,0.5237549924973698,0.4813138153626924
MMP,unet_3d,20260531,0.65,0.5324392232661572,0.4934382941313322
MMP,unet_3d,20260531,0.7,0.5434436091800159,0.5054362049286135
MMP,unet_3d,20260531,0.75,0.5594374386876079,0.5188510126066709
MMP,unet_3d,20260531,0.8,0.5776847773780078,0.5320732088908434
MMP,unet_3d,20260531,0.8500000000000001,0.5984059820985501,0.5471377882961128
MMP,unet_3d,20260531,0.9000000000000001,0.6253356331973958,0.5652887841054667
MMP,unet_3d,20260531,0.95,0.625948591673233,0.5907164545091999
MMP,unet_3d,20260531,1.0,0.6184215412552794,0.6184215412552794
MMP,unet_3d,20260532,0.2,0.4339033343817424,0.3997371854146864
MMP,unet_3d,20260532,0.25,0.4385704584880657,0.4098684438998242
MMP,unet_3d,20260532,0.30000000000000004,0.44862197259058506,0.42092986642976743
MMP,unet_3d,20260532,0.35000000000000003,0.46067133702326496,0.4317768811965654
MMP,unet_3d,20260532,0.4,0.47443977398076476,0.44322821660607753
MMP,unet_3d,20260532,0.45,0.4869735801334798,0.4555927836837601
MMP,unet_3d,20260532,0.5,0.4993069677671881,0.46677228760833744
MMP,unet_3d,20260532,0.55,0.5122067022878695,0.47811845440543244
MMP,unet_3d,20260532,0.6000000000000001,0.5277414555759659,0.49104038769926195
MMP,unet_3d,20260532,0.65,0.5382022775656697,0.5025898550968831
MMP,unet_3d,20260532,0.7,0.5521564209539482,0.5136966494249311
MMP,unet_3d,20260532,0.75,0.5685356423002188,0.526413044046272
MMP,unet_3d,20260532,0.8,0.5855628459439901,0.5399578758644665
MMP,unet_3d,20260532,0.8500000000000001,0.6104365433341512,0.5556858967363181
MMP,unet_3d,20260532,0.9000000000000001,0.6377788191505823,0.575275599986616
MMP,unet_3d,20260532,0.95,0.6396578224761647,0.6028750452618519
MMP,unet_3d,20260532,1.0,0.6303807381131615,0.6303807381131614
MMP,unet_3d,20260533,0.2,0.45168602161958565,0.37740199389329393
MMP,unet_3d,20260533,0.25,0.4512832343776946,0.39071996245221624
MMP,unet_3d,20260533,0.30000000000000004,0.45801679591164274,0.40531049001251407
MMP,unet_3d,20260533,0.35000000000000003,0.46666185733586835,0.4182726854433837
MMP,unet_3d,20260533,0.4,0.47681356676374076,0.4313748988917715
MMP,unet_3d,20260533,0.45,0.4912820752032421,0.4455977899733461
MMP,unet_3d,20260533,0.5,0.5023006486661514,0.4581798832870904
MMP,unet_3d,20260533,0.55,0.5138897817101464,0.4705352596159943
MMP,unet_3d,20260533,0.6000000000000001,0.5284185330582262,0.4844009155627741
MMP,unet_3d,20260533,0.65,0.5396894425649613,0.49665438871964157
MMP,unet_3d,20260533,0.7,0.5519389891005985,0.5084659305822472
MMP,unet_3d,20260533,0.75,0.5655911863446854,0.522102969497121
MMP,unet_3d,20260533,0.8,0.5838650933537065,0.5355653975883086
MMP,unet_3d,20260533,0.8500000000000001,0.605437906180262,0.5515515686204834
MMP,unet_3d,20260533,0.9000000000000001,0.6342086289010956,0.5699526506939067
MMP,unet_3d,20260533,0.95,0.6348854304520989,0.5962746801550344
MMP,unet_3d,20260533,1.0,0.6246562502648261,0.6246562502648261
MMP,kernel_gp,20260531,0.2,0.2973416614093822,0.26725705996004473
MMP,kernel_gp,20260531,0.25,0.30421820070090067,0.2780390016697369
MMP,kernel_gp,20260531,0.30000000000000004,0.31450091468113833,0.2898149860613488
MMP,kernel_gp,20260531,0.35000000000000003,0.3224634847476989,0.3001154521906998
MMP,kernel_gp,20260531,0.4,0.33275560386174374,0.30982845121415037
MMP,kernel_gp,20260531,0.45,0.34467982437194145,0.3204015394958963
MMP,kernel_gp,20260531,0.5,0.35022932950258057,0.3297700435162459
MMP,kernel_gp,20260531,0.55,0.3562475784849416,0.33973354236905573
MMP,kernel_gp,20260531,0.6000000000000001,0.3644862547877254,0.35088068988906346
MMP,kernel_gp,20260531,0.65,0.3718403830566868,0.36104036733829425
MMP,kernel_gp,20260531,0.7,0.3804975385231516,0.3712298336001329
MMP,kernel_gp,20260531,0.75,0.3899903941470202,0.38301010535948504
MMP,kernel_gp,20260531,0.8,0.40304502176390355,0.39447435257459756
MMP,kernel_gp,20260531,0.8500000000000001,0.41726037527213217,0.4068488807180168
MMP,kernel_gp,20260531,0.9000000000000001,0.4336572154337677,0.4208320950428668
MMP,kernel_gp,20260531,0.95,0.45664648497141536,0.44122010658479005
MMP,kernel_gp,20260531,1.0,0.4673820322424461,0.4673820322424461
MMP,kernel_gp,20260532,0.2,0.3043871907308498,0.2775287008583417
MMP,kernel_gp,20260532,0.25,0.3092838467018895,0.28959890264505306
MMP,kernel_gp,20260532,0.30000000000000004,0.31683207960723425,0.3013428687873222
MMP,kernel_gp,20260532,0.35000000000000003,0.3295611217435544,0.31090768135473756
MMP,kernel_gp,20260532,0.4,0.342405835008207,0.3204540463726485
MMP,kernel_gp,20260532,0.45,0.35356367168692016,0.33118169903146893
MMP,kernel_gp,20260532,0.5,0.3665191803252773,0.34146832154659823
MMP,kernel_gp,20260532,0.55,0.3767261232712733,0.3517868728336192
MMP,kernel_gp,20260532,0.6000000000000001,0.38575220270065774,0.3643100404344904
MMP,kernel_gp,20260532,0.65,0.39020143997576584,0.37557132451678443
MMP,kernel_gp,20260532,0.7,0.39845825840305327,0.3861703932347231
MMP,kernel_gp,20260532,0.75,0.4095752655815551,0.3980920582287873
MMP,kernel_gp,20260532,0.8,0.41837676577979127,0.4093934820153973
MMP,kernel_gp,20260532,0.8500000000000001,0.4321426886323654,0.4209749018200272
MMP,kernel_gp,20260532,0.9000000000000001,0.4516798554320721,0.4345889066157558
MMP,kernel_gp,20260532,0.95,0.465372585295,0.45403300501902655
MMP,kernel_gp,20260532,1.0,0.4750919600450988,0.4750919600450988
MMP,kernel_gp,20260533,0.2,0.2998236904909284,0.2617986051482715
MMP,kernel_gp,20260533,0.25,0.30914404853295174,0.27402350413913623
MMP,kernel_gp,20260533,0.30000000000000004,0.3228439666073704,0.2859408878425956
MMP,kernel_gp,20260533,0.35000000000000003,0.31925326003315396,0.29657902648320716
MMP,kernel_gp,20260533,0.4,0.3261176545277305,0.3061420520218364
MMP,kernel_gp,20260533,0.45,0.3394181917958638,0.3167016910605526
MMP,kernel_gp,20260533,0.5,0.34651149376513557,0.3267966121786396
MMP,kernel_gp,20260533,0.55,0.35449430400617415,0.3369363507493062
MMP,kernel_gp,20260533,0.6000000000000001,0.3628003019699034,0.34769260121898704
MMP,kernel_gp,20260533,0.65,0.3743368123209814,0.3578099909036206
MMP,kernel_gp,20260533,0.7,0.38142829293635605,0.3675960976938284
MMP,kernel_gp,20260533,0.75,0.3901171922385009,0.3786894017725316
MMP,kernel_gp,20260533,0.8,0.40103515991733113,0.3887046452207227
MMP,kernel_gp,20260533,0.8500000000000001,0.41278396396421774,0.3996694695417014
MMP,kernel_gp,20260533,0.9000000000000001,0.4262831144720276,0.411880086887062
MMP,kernel_gp,20260533,0.95,0.4422009638302779,0.4297088128984222
MMP,kernel_gp,20260533,1.0,0.45176110400518643,0.4517611040051865
MMP,vanilla_3d_diffusion,20260531,0.2,0.4192844066405408,0.23841547973895066
MMP,vanilla_3d_diffusion,20260531,0.25,0.4436163386422938,0.2647410750619257
MMP,vanilla_3d_diffusion,20260531,0.30000000000000004,0.46110026091823286,0.2930847280949306
MMP,vanilla_3d_diffusion,20260531,0.35000000000000003,0.47670759340031843,0.31598259116789157
MMP,vanilla_3d_diffusion,20260531,0.4,0.48673573444711143,0.33575440029222375
MMP,vanilla_3d_diffusion,20260531,0.45,0.4951843144493526,0.35590810540811574
MMP,vanilla_3d_diffusion,20260531,0.5,0.5113954139790097,0.3722317566724639
MMP,vanilla_3d_diffusion,20260531,0.55,0.5199429611426291,0.38720439458799844
MMP,vanilla_3d_diffusion,20260531,0.6000000000000001,0.5230912120346171,0.4028849061061769
MMP,vanilla_3d_diffusion,20260531,0.65,0.5200064519730394,0.4161061655531208
MMP,vanilla_3d_diffusion,20260531,0.7,0.5160305429776616,0.4293980516147655
MMP,vanilla_3d_diffusion,20260531,0.75,0.5225466226130143,0.4436909999209356
MMP,vanilla_3d_diffusion,20260531,0.8,0.529745626812969,0.45630063419088
MMP,vanilla_3d_diffusion,20260531,0.8500000000000001,0.5153971333001298,0.47017386408887496
MMP,vanilla_3d_diffusion,20260531,0.9000000000000001,0.5247339156289165,0.4849309801119587
MMP,vanilla_3d_diffusion,20260531,0.95,0.5285173498247212,0.5025547325911707
MMP,vanilla_3d_diffusion,20260531,1.0,0.526925591839304,0.526925591839304
MMP,vanilla_3d_diffusion,20260532,0.2,0.45216187172834577,0.27814644649494
MMP,vanilla_3d_diffusion,20260532,0.25,0.4779566319411922,0.3040382204148269
MMP,vanilla_3d_diffusion,20260532,0.30000000000000004,0.4793251440469336,0.3268942130059277
MMP,vanilla_3d_diffusion,20260532,0.35000000000000003,0.48669395212703,0.34427550049763744
MMP,vanilla_3d_diffusion,20260532,0.4,0.4955002910623755,0.3607758974547215
MMP,vanilla_3d_diffusion,20260532,0.45,0.498968695475676,0.3782363060599173
MMP,vanilla_3d_diffusion,20260532,0.5,0.5079120502142189,0.39247063938905374
MMP,vanilla_3d_diffusion,20260532,0.55,0.511548092747723,0.4062161246146041
MMP,vanilla_3d_diffusion,20260532,0.6000000000000001,0.532557258003096,0.4212759917126308
MMP,vanilla_3d_diffusion,20260532,0.65,0.5335163932090379,0.43426598085140317
MMP,vanilla_3d_diffusion,20260532,0.7,0.535315401414827,0.4468314766129306
MMP,vanilla_3d_diffusion,20260532,0.75,0.5441234454570235,0.4611805258993627
MMP,vanilla_3d_diffusion,20260532,0.8,0.5445779338464083,0.47370395397486353
MMP,vanilla_3d_diffusion,20260532,0.8500000000000001,0.5462609933304853,0.4869424587716741
MMP,vanilla_3d_diffusion,20260532,0.9000000000000001,0.5454447884053077,0.501553500727386
MMP,vanilla_3d_diffusion,20260532,0.95,0.5508816497670528,0.5198333299714548
MMP,vanilla_3d_diffusion,20260532,1.0,0.5441194789175294,0.5441194789175294
MMP,vanilla_3d_diffusion,20260533,0.2,0.45080337311497654,0.28938524362380824
MMP,vanilla_3d_diffusion,20260533,0.25,0.45394695724563766,0.3090634593652704
MMP,vanilla_3d_diffusion,20260533,0.30000000000000004,0.4688176129150084,0.3284398155717331
MMP,vanilla_3d_diffusion,20260533,0.35000000000000003,0.48355678472855645,0.3433048420543558
MMP,vanilla_3d_diffusion,20260533,0.4,0.49310714278485485,0.3569126885342643
MMP,vanilla_3d_diffusion,20260533,0.45,0.49415269342368584,0.3721702938862295
MMP,vanilla_3d_diffusion,20260533,0.5,0.49980389604220155,0.3850172931499514
MMP,vanilla_3d_diffusion,20260533,0.55,0.506668618851626,0.39696216055386063
MMP,vanilla_3d_diffusion,20260533,0.6000000000000001,0.5077203840368579,0.4106233891057015
MMP,vanilla_3d_diffusion,20260533,0.65,0.5062587914913782,0.4229551396906939
MMP,vanilla_3d_diffusion,20260533,0.7,0.5040514158312008,0.43501670805115356
MMP,vanilla_3d_diffusion,20260533,0.75,0.50978060260575,0.4490255390963351
MMP,vanilla_3d_diffusion,20260533,0.8,0.5124042584064491,0.4619574451973207
MMP,vanilla_3d_diffusion,20260533,0.8500000000000001,0.521170136974313,0.4750023977654222
MMP,vanilla_3d_diffusion,20260533,0.9000000000000001,0.5248338668181826,0.4891680432602041
MMP,vanilla_3d_diffusion,20260533,0.95,0.5275023507102395,0.5078187964262771
MMP,vanilla_3d_diffusion,20260533,1.0,0.5307063865413283,0.5307063865413284
MMP,eapp_only_diffusion,20260531,0.2,0.400948781406946,0.231681340452935
MMP,eapp_only_diffusion,20260531,0.25,0.40174499521688195,0.2530500887024914
MMP,eapp_only_diffusion,20260531,0.30000000000000004,0.4117150730834676,0.2730847640444031
MMP,eapp_only_diffusion,20260531,0.35000000000000003,0.4188544850232648,0.2904018220087443
MMP,eapp_only_diffusion,20260531,0.4,0.43529313018995847,0.305869892890148
MMP,eapp_only_diffusion,20260531,0.45,0.4503872274213928,0.3216983143015201
MMP,eapp_only_diffusion,20260531,0.5,0.45654156926905315,0.3341886305524353
MMP,eapp_only_diffusion,20260531,0.55,0.4591827490442334,0.3460826442305697
MMP,eapp_only_diffusion,20260531,0.6000000000000001,0.4605428147777339,0.3585144153467706
MMP,eapp_only_diffusion,20260531,0.65,0.4620738884483407,0.36920736583044084
MMP,eapp_only_diffusion,20260531,0.7,0.4658758165940095,0.3798090720936893
MMP,eapp_only_diffusion,20260531,0.75,0.4679824185339235,0.3922730692235903
MMP,eapp_only_diffusion,20260531,0.8,0.4724555105232356,0.4037508177901645
MMP,eapp_only_diffusion,20260531,0.8500000000000001,0.4738172296603538,0.4157104524518702
MMP,eapp_only_diffusion,20260531,0.9000000000000001,0.4743535419323167,0.4290341585436772
MMP,eapp_only_diffusion,20260531,0.95,0.47148980286759146,0.44631254087256483
MMP,eapp_only_diffusion,20260531,1.0,0.4694570008916293,0.4694570008916292
MMP,eapp_only_diffusion,20260532,0.2,0.38520445573512435,0.23908669321097284
MMP,eapp_only_diffusion,20260532,0.25,0.4095665034462889,0.2654959207197902
MMP,eapp_only_diffusion,20260532,0.30000000000000004,0.4414154099622805,0.2897367202697692
MMP,eapp_only_diffusion,20260532,0.35000000000000003,0.4467090870922336,0.30779609195340346
MMP,eapp_only_diffusion,20260532,0.4,0.4628805584796371,0.3226415013066903
MMP,eapp_only_diffusion,20260532,0.45,0.48072703816385004,0.33966343837216567
MMP,eapp_only_diffusion,20260532,0.5,0.4781141009426514,0.35367606986794603
MMP,eapp_only_diffusion,20260532,0.55,0.4775534405849382,0.3665622802596984
MMP,eapp_only_diffusion,20260532,0.6000000000000001,0.4812459429754803,0.3794719731748524
MMP,eapp_only_diffusion,20260532,0.65,0.47997220882868213,0.3909447038397458
MMP,eapp_only_diffusion,20260532,0.7,0.49207472971384575,0.40204272000589514
MMP,eapp_only_diffusion,20260532,0.75,0.4980572231498183,0.4142282059072226
MMP,eapp_only_diffusion,20260532,0.8,0.4957157066891724,0.4252899676671236
MMP,eapp_only_diffusion,20260532,0.8500000000000001,0.4941116184874895,0.43660253092533624
MMP,eapp_only_diffusion,20260532,0.9000000000000001,0.48894911287399284,0.44870800615381645
MMP,eapp_only_diffusion,20260532,0.95,0.49015797978881637,0.46438858348969164
MMP,eapp_only_diffusion,20260532,1.0,0.4876760975474227,0.48767609754742264
MMP,eapp_only_diffusion,20260533,0.2,0.40442786576462547,0.22725535987720957
MMP,eapp_only_diffusion,20260533,0.25,0.42203729398708345,0.2470977214675506
MMP,eapp_only_diffusion,20260533,0.30000000000000004,0.4259707527670761,0.26628161869629485
MMP,eapp_only_diffusion,20260533,0.35000000000000003,0.43552332126532384,0.2813772730423227
MMP,eapp_only_diffusion,20260533,0.4,0.4363432649560875,0.2946610170354661
MMP,eapp_only_diffusion,20260533,0.45,0.43665037470252294,0.30788966567029197
MMP,eapp_only_diffusion,20260533,0.5,0.44535199470879977,0.31933308965239915
MMP,eapp_only_diffusion,20260533,0.55,0.4504879529733206,0.3304213009029635
MMP,eapp_only_diffusion,20260533,0.6000000000000001,0.46385825384955837,0.3431296654950723
MMP,eapp_only_diffusion,20260533,0.65,0.4644568284778665,0.354919660102152
MMP,eapp_only_diffusion,20260533,0.7,0.4715830945024153,0.366461264733478
MMP,eapp_only_diffusion,20260533,0.75,0.4711731828215833,0.3802395120584278
MMP,eapp_only_diffusion,20260533,0.8,0.46828339349637443,0.392398049984927
MMP,eapp_only_diffusion,20260533,0.8500000000000001,0.4665727933716462,0.4049011805586141
MMP,eapp_only_diffusion,20260533,0.9000000000000001,0.46367039229089163,0.417637858452345
MMP,eapp_only_diffusion,20260533,0.95,0.46090072199538684,0.434365655168921
MMP,eapp_only_diffusion,20260533,1.0,0.45792035997187464,0.45792035997187464
MMP,dps_inverse_diffusion,20260531,0.2,0.2580133052661134,0.21231237662880612
MMP,dps_inverse_diffusion,20260531,0.25,0.2594824584903351,0.22378962872949212
MMP,dps_inverse_diffusion,20260531,0.30000000000000004,0.26899521771761464,0.23397883201534217
MMP,dps_inverse_diffusion,20260531,0.35000000000000003,0.2748580198276417,0.242264639960852
MMP,dps_inverse_diffusion,20260531,0.4,0.28155577691485145,0.25037046499980864
MMP,dps_inverse_diffusion,20260531,0.45,0.28713108974358603,0.2590456394413644
MMP,dps_inverse_diffusion,20260531,0.5,0.2941899525935838,0.2665012059956484
MMP,dps_inverse_diffusion,20260531,0.55,0.30045332573277306,0.2739095721417083
MMP,dps_inverse_diffusion,20260531,0.6000000000000001,0.30453079295214286,0.2824257021319628
MMP,dps_inverse_diffusion,20260531,0.65,0.30723708462346844,0.2902229983441657
MMP,dps_inverse_diffusion,20260531,0.7,0.31428052550896846,0.2988420926133064
MMP,dps_inverse_diffusion,20260531,0.75,0.3182486368682788,0.30933913843006455
MMP,dps_inverse_diffusion,20260531,0.8,0.32684132925829684,0.31993762248529606
MMP,dps_inverse_diffusion,20260531,0.8500000000000001,0.3368112196663034,0.33156393514970345
MMP,dps_inverse_diffusion,20260531,0.9000000000000001,0.3530903729588665,0.3449292079670963
MMP,dps_inverse_diffusion,20260531,0.95,0.37058071390537883,0.36559634021712056
MMP,dps_inverse_diffusion,20260531,1.0,0.3904814012594934,0.3904814012594934
MMP,dps_inverse_diffusion,20260532,0.2,0.24025219500210404,0.19042832226886153
MMP,dps_inverse_diffusion,20260532,0.25,0.2455640578936853,0.2030174821365706
MMP,dps_inverse_diffusion,20260532,0.30000000000000004,0.25446560152341996,0.2147883972915991
MMP,dps_inverse_diffusion,20260532,0.35000000000000003,0.2616885372951682,0.22386496024894667
MMP,dps_inverse_diffusion,20260532,0.4,0.26655156928150303,0.23260254650501908
MMP,dps_inverse_diffusion,20260532,0.45,0.2691998672408681,0.2423115504589132
MMP,dps_inverse_diffusion,20260532,0.5,0.2784491059134611,0.25079336546830105
MMP,dps_inverse_diffusion,20260532,0.55,0.28468596872940627,0.25943953083741483
MMP,dps_inverse_diffusion,20260532,0.6000000000000001,0.2936770118238834,0.26834861595457565
MMP,dps_inverse_diffusion,20260532,0.65,0.29388613582917994,0.27669934478406416
MMP,dps_inverse_diffusion,20260532,0.7,0.30061476345369137,0.28632410034401595
MMP,dps_inverse_diffusion,20260532,0.75,0.3089306587136568,0.2975468616087781
MMP,dps_inverse_diffusion,20260532,0.8,0.3150986399288254,0.3077633409418487
MMP,dps_inverse_diffusion,20260532,0.8500000000000001,0.32590078387019716,0.3194923374950362
MMP,dps_inverse_diffusion,20260532,0.9000000000000001,0.3406624616747532,0.33393395532720405
MMP,dps_inverse_diffusion,20260532,0.95,0.3585944406205257,0.35622015679135804
MMP,dps_inverse_diffusion,20260532,1.0,0.3800124257066351,0.3800124257066351
MMP,dps_inverse_diffusion,20260533,0.2,0.25976788275815826,0.21748421952720506
MMP,dps_inverse_diffusion,20260533,0.25,0.26546387754330386,0.22665957902327283
MMP,dps_inverse_diffusion,20260533,0.30000000000000004,0.2694337623622416,0.23638703823893562
MMP,dps_inverse_diffusion,20260533,0.35000000000000003,0.2732750576773458,0.24443768816524422
MMP,dps_inverse_diffusion,20260533,0.4,0.28233701017132806,0.25167449936328984
MMP,dps_inverse_diffusion,20260533,0.45,0.2895684194742224,0.2604212504280156
MMP,dps_inverse_diffusion,20260533,0.5,0.29122997341760215,0.26813985229901854
MMP,dps_inverse_diffusion,20260533,0.55,0.29698907134794517,0.2761675250321036
MMP,dps_inverse_diffusion,20260533,0.6000000000000001,0.3048155371179064,0.28559900243589864
MMP,dps_inverse_diffusion,20260533,0.65,0.3086960230618384,0.2944252733264715
MMP,dps_inverse_diffusion,20260533,0.7,0.3152596503915582,0.30424886067722057
MMP,dps_inverse_diffusion,20260533,0.75,0.3226823136139505,0.31504780506952323
MMP,dps_inverse_diffusion,20260533,0.8,0.3297223702281183,0.3251872055781497
MMP,dps_inverse_diffusion,20260533,0.8500000000000001,0.34389326473215104,0.3363989974021794
MMP,dps_inverse_diffusion,20260533,0.9000000000000001,0.3570106930782656,0.35201873381253573
MMP,dps_inverse_diffusion,20260533,0.95,0.3814067335312826,0.37432910792462104
MMP,dps_inverse_diffusion,20260533,1.0,0.40362780848523305,0.40362780848523305
MMP,op_conditioned_diffusion_ours,20260531,0.2,0.09728941279789798,0.05501304187045009
MMP,op_conditioned_diffusion_ours,20260531,0.25,0.09469663281123758,0.06246666901395069
MMP,op_conditioned_diffusion_ours,20260531,0.30000000000000004,0.10238100610520319,0.07069746303188348
MMP,op_conditioned_diffusion_ours,20260531,0.35000000000000003,0.1060095044580089,0.07752301145728689
MMP,op_conditioned_diffusion_ours,20260531,0.4,0.1117943851800689,0.08365420219182469
MMP,op_conditioned_diffusion_ours,20260531,0.45,0.11796772271425097,0.08994549180436379
MMP,op_conditioned_diffusion_ours,20260531,0.5,0.12476340423521295,0.09561058924586763
MMP,op_conditioned_diffusion_ours,20260531,0.55,0.12575094459813266,0.10108050795967768
MMP,op_conditioned_diffusion_ours,20260531,0.6000000000000001,0.12911569706136725,0.10714194466876349
MMP,op_conditioned_diffusion_ours,20260531,0.65,0.1311273614493451,0.11263520038145948
MMP,op_conditioned_diffusion_ours,20260531,0.7,0.136333393428546,0.11864922751242149
MMP,op_conditioned_diffusion_ours,20260531,0.75,0.1412542403010455,0.12651261702426858
MMP,op_conditioned_diffusion_ours,20260531,0.8,0.1487413898787435,0.1338460933642103
MMP,op_conditioned_diffusion_ours,20260531,0.8500000000000001,0.1557121452137809,0.14286921360885566
MMP,op_conditioned_diffusion_ours,20260531,0.9000000000000001,0.17002559667947117,0.15817490772137227
MMP,op_conditioned_diffusion_ours,20260531,0.95,0.18608920049869224,0.18069832153985674
MMP,op_conditioned_diffusion_ours,20260531,1.0,0.20734386527752466,0.20734386527752466
MMP,op_conditioned_diffusion_ours,20260532,0.2,0.10775491979261927,0.06455550217370593
MMP,op_conditioned_diffusion_ours,20260532,0.25,0.10653167174675404,0.07045156387819707
MMP,op_conditioned_diffusion_ours,20260532,0.30000000000000004,0.11300584832650297,0.07678902102415466
MMP,op_conditioned_diffusion_ours,20260532,0.35000000000000003,0.1142017273554731,0.08219264996118823
MMP,op_conditioned_diffusion_ours,20260532,0.4,0.11476643019023396,0.08746515128274415
MMP,op_conditioned_diffusion_ours,20260532,0.45,0.1212469206389134,0.09315262067386601
MMP,op_conditioned_diffusion_ours,20260532,0.5,0.12419348848458611,0.09839967697612374
MMP,op_conditioned_diffusion_ours,20260532,0.55,0.12918457821937315,0.10373693306662549
MMP,op_conditioned_diffusion_ours,20260532,0.6000000000000001,0.12894668034690568,0.10957539794132802
MMP,op_conditioned_diffusion_ours,20260532,0.65,0.1332397898323889,0.11478133307300366
MMP,op_conditioned_diffusion_ours,20260532,0.7,0.13732833996464175,0.12039531745981798
MMP,op_conditioned_diffusion_ours,20260532,0.75,0.13937562144422574,0.12772633986284232
MMP,op_conditioned_diffusion_ours,20260532,0.8,0.14963496129185463,0.13496733129657734
MMP,op_conditioned_diffusion_ours,20260532,0.8500000000000001,0.15958066940448656,0.14333985144798284
MMP,op_conditioned_diffusion_ours,20260532,0.9000000000000001,0.16690159809200583,0.15592689216686478
MMP,op_conditioned_diffusion_ours,20260532,0.95,0.17959709062183574,0.17484825943929466
MMP,op_conditioned_diffusion_ours,20260532,1.0,0.19920489128896854,0.19920489128896854
MMP,op_conditioned_diffusion_ours,20260533,0.2,0.10043759525545558,0.06464806096869481
MMP,op_conditioned_diffusion_ours,20260533,0.25,0.10703002104549215,0.07090258163588374
MMP,op_conditioned_diffusion_ours,20260533,0.30000000000000004,0.11005467449554206,0.07716923706073933
MMP,op_conditioned_diffusion_ours,20260533,0.35000000000000003,0.11123379870717649,0.08214746857687738
MMP,op_conditioned_diffusion_ours,20260533,0.4,0.11481109027250551,0.08663895124185247
MMP,op_conditioned_diffusion_ours,20260533,0.45,0.1163760717479925,0.09170003347837181
MMP,op_conditioned_diffusion_ours,20260533,0.5,0.11916742422090948,0.09644051756070367
MMP,op_conditioned_diffusion_ours,20260533,0.55,0.12419155574844457,0.10122008400642922
MMP,op_conditioned_diffusion_ours,20260533,0.6000000000000001,0.126865130786798,0.10667511818995302
MMP,op_conditioned_diffusion_ours,20260533,0.65,0.13063277190956077,0.11225001373738247
MMP,op_conditioned_diffusion_ours,20260533,0.7,0.13273075847450974,0.11803170181983182
MMP,op_conditioned_diffusion_ours,20260533,0.75,0.13739852623962942,0.12531441670642612
MMP,op_conditioned_diffusion_ours,20260533,0.8,0.14122328359245465,0.13189583206222127
MMP,op_conditioned_diffusion_ours,20260533,0.8500000000000001,0.14970179662982042,0.1386542126670757
MMP,op_conditioned_diffusion_ours,20260533,0.9000000000000001,0.15335957782510912,0.1474419754576143
MMP,op_conditioned_diffusion_ours,20260533,0.95,0.16740273115349363,0.16440485504380442
MMP,op_conditioned_diffusion_ours,20260533,1.0,0.19049764315694093,0.19049764315694093
PIEZO,direct_scalar_regression,20260531,0.2,1.778092923711338,0.33255829728274494
PIEZO,direct_scalar_regression,20260531,0.25,1.7015035349722902,0.37821633561460194
PIEZO,direct_scalar_regression,20260531,0.30000000000000004,1.5936864385982974,0.4300138682647031
PIEZO,direct_scalar_regression,20260531,0.35000000000000003,1.4961947766482548,0.4728824764033544
PIEZO,direct_scalar_regression,20260531,0.4,1.3951405629635802,0.514021681496823
PIEZO,direct_scalar_regression,20260531,0.45,1.318941555982659,0.5575108445682418
PIEZO,direct_scalar_regression,20260531,0.5,1.2540827313593976,0.5971521250775773
PIEZO,direct_scalar_regression,20260531,0.55,1.2156905445961792,0.6397126482000142
PIEZO,direct_scalar_regression,20260531,0.6000000000000001,1.163489070707772,0.6864025550488443
PIEZO,direct_scalar_regression,20260531,0.65,1.1178765874844283,0.7362517229459198
PIEZO,direct_scalar_regression,20260531,0.7,1.0722829579311925,0.7835133712764627
PIEZO,direct_scalar_regression,20260531,0.75,1.0209168038824332,0.8369790117523567
PIEZO,direct_scalar_regression,20260531,0.8,1.0071401129409485,0.8851305105015571
PIEZO,direct_scalar_regression,20260531,0.8500000000000001,1.0086397324696743,0.9331185970562136
PIEZO,direct_scalar_regression,20260531,0.9000000000000001,1.0139810425750655,0.9830332813308348
PIEZO,direct_scalar_regression,20260531,0.95,1.047400627981018,1.044219960372515
PIEZO,direct_scalar_regression,20260531,1.0,1.116451801392195,1.1164518013921947
PIEZO,direct_scalar_regression,20260532,0.2,1.7683365140297205,0.26206529949702334
PIEZO,direct_scalar_regression,20260532,0.25,1.711390697244194,0.3228327727233155
PIEZO,direct_scalar_regression,20260532,0.30000000000000004,1.6150048753047979,0.38728899959342555
PIEZO,direct_scalar_regression,20260532,0.35000000000000003,1.5101124099071528,0.4390349321223379
PIEZO,direct_scalar_regression,20260532,0.4,1.440094622162781,0.48897627110928366
PIEZO,direct_scalar_regression,20260532,0.45,1.3566069585488028,0.5434800246054289
PIEZO,direct_scalar_regression,20260532,0.5,1.3091433482662622,0.5901625426961334
PIEZO,direct_scalar_regression,20260532,0.55,1.2484947332466823,0.6354006174952054
PIEZO,direct_scalar_regression,20260532,0.6000000000000001,1.1926261476254825,0.6884771208716446
PIEZO,direct_scalar_regression,20260532,0.65,1.140324765323618,0.7400288054660547
PIEZO,direct_scalar_regression,20260532,0.7,1.0817115154224886,0.7923958700574548
PIEZO,direct_scalar_regression,20260532,0.75,1.0334697120310739,0.8489810899866972
PIEZO,direct_scalar_regression,20260532,0.8,1.0059724704652615,0.9003518353904373
PIEZO,direct_scalar_regression,20260532,0.8500000000000001,1.0125287415775321,0.9536498816765097
PIEZO,direct_scalar_regression,20260532,0.9000000000000001,1.0352763194452919,1.0087014059944328
PIEZO,direct_scalar_regression,20260532,0.95,1.086100416355862,1.06863980467116
PIEZO,direct_scalar_regression,20260532,1.0,1.1324329994259201,1.1324329994259201
PIEZO,direct_scalar_regression,20260533,0.2,1.7630023811690607,0.2807814983947573
PIEZO,direct_scalar_regression,20260533,0.25,1.7061998403135612,0.33629948698045825
PIEZO,direct_scalar_regression,20260533,0.30000000000000004,1.6252331871021102,0.38909246655639196
PIEZO,direct_scalar_regression,20260533,0.35000000000000003,1.5178495843517834,0.4435389641029156
PIEZO,direct_scalar_regression,20260533,0.4,1.4541601253014667,0.49246066983926007
PIEZO,direct_scalar_regression,20260533,0.45,1.3601466025851847,0.542445227736426
PIEZO,direct_scalar_regression,20260533,0.5,1.307671238566218,0.5847243444435913
PIEZO,direct_scalar_regression,20260533,0.55,1.2655225272594666,0.6248283789675184
PIEZO,direct_scalar_regression,20260533,0.6000000000000001,1.1973037892509169,0.6743338338324607
PIEZO,direct_scalar_regression,20260533,0.65,1.1482327449297867,0.7232820649443326
PIEZO,direct_scalar_regression,20260533,0.7,1.1093786316036969,0.7741105889300793
PIEZO,direct_scalar_regression,20260533,0.75,1.0587137981601584,0.8334591956257956
PIEZO,direct_scalar_regression,20260533,0.8,1.0169930340647801,0.8865700936714382
PIEZO,direct_scalar_regression,20260533,0.8500000000000001,1.0064714417604321,0.9383040642507743
PIEZO,direct_scalar_regression,20260533,0.9000000000000001,1.0259484135591321,0.9915043156303421
PIEZO,direct_scalar_regression,20260533,0.95,1.0625071171244302,1.0502684598193273
PIEZO,direct_scalar_regression,20260533,1.0,1.1221065614079289,1.122106561407929
PIEZO,unet_3d,20260531,0.2,0.628969960762069,0.2961115797191184
PIEZO,unet_3d,20260531,0.25,0.6569717817128685,0.34513581137912464
PIEZO,unet_3d,20260531,0.30000000000000004,0.7108081119816692,0.3885652322775037
PIEZO,unet_3d,20260531,0.35000000000000003,0.7552099721440357,0.42310782338191477
PIEZO,unet_3d,20260531,0.4,0.7752232736043263,0.4549089457790639
PIEZO,unet_3d,20260531,0.45,0.7766056691594869,0.4883271626668091
PIEZO,unet_3d,20260531,0.5,0.7355632636503355,0.5152251564853475
PIEZO,unet_3d,20260531,0.55,0.6988714951250422,0.5416576356331495
PIEZO,unet_3d,20260531,0.6000000000000001,0.6839141312203777,0.572430017539214
PIEZO,unet_3d,20260531,0.65,0.6752670399368984,0.6012481198321082
PIEZO,unet_3d,20260531,0.7,0.6816016573139788,0.6313094910120572
PIEZO,unet_3d,20260531,0.75,0.7004858493385919,0.6679446166949372
PIEZO,unet_3d,20260531,0.8,0.7181388981036361,0.700328954424182
PIEZO,unet_3d,20260531,0.8500000000000001,0.7470800132479931,0.7339591325500999
PIEZO,unet_3d,20260531,0.9000000000000001,0.7750125254936663,0.7745438975762192
PIEZO,unet_3d,20260531,0.95,0.8759193448805448,0.8567504188523939
PIEZO,unet_3d,20260531,1.0,0.9909521053116729,0.9909521053116729
PIEZO,unet_3d,20260532,0.2,0.6299151455799791,0.3210244942486877
PIEZO,unet_3d,20260532,0.25,0.6576649943289808,0.36496527961588543
PIEZO,unet_3d,20260532,0.30000000000000004,0.7043447437182758,0.40439352690549263
PIEZO,unet_3d,20260532,0.35000000000000003,0.7607139502599127,0.4369057833191248
PIEZO,unet_3d,20260532,0.4,0.8053223177123983,0.4668529710370874
PIEZO,unet_3d,20260532,0.45,0.7689952527181602,0.49796217732294207
PIEZO,unet_3d,20260532,0.5,0.7290409895683638,0.5235590216121654
PIEZO,unet_3d,20260532,0.55,0.7214432387721641,0.5485160872016397
PIEZO,unet_3d,20260532,0.6000000000000001,0.7006276292106665,0.5796694361854176
PIEZO,unet_3d,20260532,0.65,0.695801957938421,0.6099079303283197
PIEZO,unet_3d,20260532,0.7,0.7027889491437962,0.6412075857826149
PIEZO,unet_3d,20260532,0.75,0.709053591382098,0.6788742268048154
PIEZO,unet_3d,20260532,0.8,0.7306516940859193,0.7118697904414761
PIEZO,unet_3d,20260532,0.8500000000000001,0.7625072630073638,0.7480507650371191
PIEZO,unet_3d,20260532,0.9000000000000001,0.7959904377086319,0.7959904377086319
PIEZO,unet_3d,20260532,0.95,0.9054864804330669,0.9046269135687861
PIEZO,unet_3d,20260532,1.0,1.039059440245563,1.039059440245563
PIEZO,unet_3d,20260533,0.2,0.6280010020471098,0.2848901075260653
PIEZO,unet_3d,20260533,0.25,0.6611149922526355,0.3341058098370073
PIEZO,unet_3d,20260533,0.30000000000000004,0.7028546100479868,0.3762647371490641
PIEZO,unet_3d,20260533,0.35000000000000003,0.7580209930091028,0.40951199626741575
PIEZO,unet_3d,20260533,0.4,0.7864959817107022,0.4389025192269859
PIEZO,unet_3d,20260533,0.45,0.7614760979201077,0.47060251253055096
PIEZO,unet_3d,20260533,0.5,0.7253440868293727,0.49855290080656467
PIEZO,unet_3d,20260533,0.55,0.6976012641270489,0.5251395977416958
PIEZO,unet_3d,20260533,0.6000000000000001,0.6865788211552198,0.556114974805538
PIEZO,unet_3d,20260533,0.65,0.6729134492357531,0.5871261309404172
PIEZO,unet_3d,20260533,0.7,0.6750078605276794,0.6189857335857074
PIEZO,unet_3d,20260533,0.75,0.6772986420237649,0.6553739444997553
PIEZO,unet_3d,20260533,0.8,0.70305082002637,0.6884926446503559
PIEZO,unet_3d,20260533,0.8500000000000001,0.730049122920972,0.7223784093680676
PIEZO,unet_3d,20260533,0.9000000000000001,0.7690205420750863,0.7642345906336806
PIEZO,unet_3d,20260533,0.95,0.854058662562954,0.8491589602801692
PIEZO,unet_3d,20260533,1.0,0.9763866888163147,0.9763866888163147
PIEZO,kernel_gp,20260531,0.2,0.4506654491888712,0.11073565719431999
PIEZO,kernel_gp,20260531,0.25,0.4729204953457721,0.1338618672405096
PIEZO,kernel_gp,20260531,0.30000000000000004,0.5146454178510255,0.16239668745978694
PIEZO,kernel_gp,20260531,0.35000000000000003,0.5439613492303702,0.18870687639687833
PIEZO,kernel_gp,20260531,0.4,0.5581303445928848,0.2152400690663384
PIEZO,kernel_gp,20260531,0.45,0.5334276045156499,0.24166653452878983
PIEZO,kernel_gp,20260531,0.5,0.5019735316169394,0.264088770238818
PIEZO,kernel_gp,20260531,0.55,0.4733738272148759,0.28531163034314483
PIEZO,kernel_gp,20260531,0.6000000000000001,0.4492741121670064,0.30875770505860284
PIEZO,kernel_gp,20260531,0.65,0.4375076391373773,0.3290776276210696
PIEZO,kernel_gp,20260531,0.7,0.4239862065881911,0.3501677064736204
PIEZO,kernel_gp,20260531,0.75,0.4249396974666515,0.374261878040246
PIEZO,kernel_gp,20260531,0.8,0.4265248793565978,0.3982329880849612
PIEZO,kernel_gp,20260531,0.8500000000000001,0.4417717501861775,0.4248711852826663
PIEZO,kernel_gp,20260531,0.9000000000000001,0.4577405816701632,0.4532067155697695
PIEZO,kernel_gp,20260531,0.95,0.5113637362160525,0.507633054688483
PIEZO,kernel_gp,20260531,1.0,0.5969788073711703,0.5969788073711703
PIEZO,kernel_gp,20260532,0.2,0.45425402879200993,0.08864378696073341
PIEZO,kernel_gp,20260532,0.25,0.48740727824685914,0.1148574208577795
PIEZO,kernel_gp,20260532,0.30000000000000004,0.5203596346687973,0.14639466213088476
PIEZO,kernel_gp,20260532,0.35000000000000003,0.5425501647258888,0.1738780013380341
PIEZO,kernel_gp,20260532,0.4,0.5644492430158369,0.198708266004376
PIEZO,kernel_gp,20260532,0.45,0.5203013310265927,0.22489679004632
PIEZO,kernel_gp,20260532,0.5,0.49231655007674896,0.24970022722307197
PIEZO,kernel_gp,20260532,0.55,0.4659143371262609,0.27400503794748504
PIEZO,kernel_gp,20260532,0.6000000000000001,0.43601855921958815,0.2997282287828716
PIEZO,kernel_gp,20260532,0.65,0.4284111449583507,0.3227304687022317
PIEZO,kernel_gp,20260532,0.7,0.4173366894098279,0.34469121724312846
PIEZO,kernel_gp,20260532,0.75,0.41963777482314774,0.37013665892670417
PIEZO,kernel_gp,20260532,0.8,0.4234011887912751,0.39461655276424557
PIEZO,kernel_gp,20260532,0.8500000000000001,0.4345868326457586,0.42004920481519537
PIEZO,kernel_gp,20260532,0.9000000000000001,0.4552160067449619,0.4491081358991326
PIEZO,kernel_gp,20260532,0.95,0.5146722991995929,0.5108919981441651
PIEZO,kernel_gp,20260532,1.0,0.6043090408347335,0.6043090408347335
PIEZO,kernel_gp,20260533,0.2,0.4564342932919861,0.10539063683679971
PIEZO,kernel_gp,20260533,0.25,0.4718161370535936,0.1300565366537195
PIEZO,kernel_gp,20260533,0.30000000000000004,0.5136662496924252,0.16512817422148138
PIEZO,kernel_gp,20260533,0.35000000000000003,0.5461534343102904,0.19446802934370408
PIEZO,kernel_gp,20260533,0.4,0.5512032771585403,0.22010726103296938
PIEZO,kernel_gp,20260533,0.45,0.5346253710506419,0.24604162807385338
PIEZO,kernel_gp,20260533,0.5,0.5197201870475461,0.26809594949918164
PIEZO,kernel_gp,20260533,0.55,0.48781675008613024,0.2890034472925132
PIEZO,kernel_gp,20260533,0.6000000000000001,0.45933085714563965,0.31238674244671255
PIEZO,kernel_gp,20260533,0.65,0.4395850644532234,0.33411990547327064
PIEZO,kernel_gp,20260533,0.7,0.4266831469767152,0.35559010466954566
PIEZO,kernel_gp,20260533,0.75,0.42358454037549353,0.38107779034060707
PIEZO,kernel_gp,20260533,0.8,0.43799496224851303,0.4045825687222001
PIEZO,kernel_gp,20260533,0.8500000000000001,0.44967780089093484,0.42930083477700587
PIEZO,kernel_gp,20260533,0.9000000000000001,0.46397490881718895,0.4568864981967924
PIEZO,kernel_gp,20260533,0.95,0.5169394018121682,0.509667745396692
PIEZO,kernel_gp,20260533,1.0,0.6044987705636232,0.6044987705636231
PIEZO,vanilla_3d_diffusion,20260531,0.2,0.30977194436241345,0.0687527070180208
PIEZO,vanilla_3d_diffusion,20260531,0.25,0.3146828513662957,0.08355726241759419
PIEZO,vanilla_3d_diffusion,20260531,0.30000000000000004,0.2911332858737417,0.10202407440457884
PIEZO,vanilla_3d_diffusion,20260531,0.35000000000000003,0.27579960461638453,0.1185368309725042
PIEZO,vanilla_3d_diffusion,20260531,0.4,0.26109784641391526,0.13578896530312315
PIEZO,vanilla_3d_diffusion,20260531,0.45,0.24404835718738388,0.15501504743905686
PIEZO,vanilla_3d_diffusion,20260531,0.5,0.2458241239144559,0.173317881221422
PIEZO,vanilla_3d_diffusion,20260531,0.55,0.24294630931695335,0.19078932479831553
PIEZO,vanilla_3d_diffusion,20260531,0.6000000000000001,0.2526442949272808,0.21138655599309436
PIEZO,vanilla_3d_diffusion,20260531,0.65,0.2605923917624769,0.23213001596036947
PIEZO,vanilla_3d_diffusion,20260531,0.7,0.2823978700315269,0.2548469832586075
PIEZO,vanilla_3d_diffusion,20260531,0.75,0.3048109949834238,0.28183384878419376
PIEZO,vanilla_3d_diffusion,20260531,0.8,0.34087853489843883,0.3127490115332874
PIEZO,vanilla_3d_diffusion,20260531,0.8500000000000001,0.3610162857338183,0.34985391815257133
PIEZO,vanilla_3d_diffusion,20260531,0.9000000000000001,0.4072996297755525,0.39867887855444073
PIEZO,vanilla_3d_diffusion,20260531,0.95,0.4896047261459163,0.48050009706450464
PIEZO,vanilla_3d_diffusion,20260531,1.0,0.6115944330274903,0.6115944330274903
PIEZO,vanilla_3d_diffusion,20260532,0.2,0.3069139160436677,0.07527289102075894
PIEZO,vanilla_3d_diffusion,20260532,0.25,0.2966776751094659,0.0914617394011694
PIEZO,vanilla_3d_diffusion,20260532,0.30000000000000004,0.2752848399684154,0.11239617510911597
PIEZO,vanilla_3d_diffusion,20260532,0.35000000000000003,0.25773824965049436,0.12905570902475563
PIEZO,vanilla_3d_diffusion,20260532,0.4,0.2445488220118004,0.14442428107865365
PIEZO,vanilla_3d_diffusion,20260532,0.45,0.23625098778731407,0.1619368370756627
PIEZO,vanilla_3d_diffusion,20260532,0.5,0.22977751539971403,0.1782366456051487
PIEZO,vanilla_3d_diffusion,20260532,0.55,0.2327887511353473,0.19419335226978632
PIEZO,vanilla_3d_diffusion,20260532,0.6000000000000001,0.245796034306183,0.21470331884036106
PIEZO,vanilla_3d_diffusion,20260532,0.65,0.2618533011755242,0.23409781307966612
PIEZO,vanilla_3d_diffusion,20260532,0.7,0.2862175150830249,0.25438074969261076
PIEZO,vanilla_3d_diffusion,20260532,0.75,0.308585031439602,0.28111587379361164
PIEZO,vanilla_3d_diffusion,20260532,0.8,0.3291997282996807,0.30881377278542343
PIEZO,vanilla_3d_diffusion,20260532,0.8500000000000001,0.3529107637719154,0.3466260716052239
PIEZO,vanilla_3d_diffusion,20260532,0.9000000000000001,0.39886869308146067,0.393338428677612
PIEZO,vanilla_3d_diffusion,20260532,0.95,0.4753421349416306,0.4750024709126386
PIEZO,vanilla_3d_diffusion,20260532,1.0,0.5958705341834122,0.5958705341834121
PIEZO,vanilla_3d_diffusion,20260533,0.2,0.32826599135733875,0.0732018499032519
PIEZO,vanilla_3d_diffusion,20260533,0.25,0.3150933605192347,0.09366029074294788
PIEZO,vanilla_3d_diffusion,20260533,0.30000000000000004,0.3175543817028495,0.11354676236893886
PIEZO,vanilla_3d_diffusion,20260533,0.35000000000000003,0.3079702636900093,0.13328559476555235
PIEZO,vanilla_3d_diffusion,20260533,0.4,0.28158775592149055,0.15242190101925265
PIEZO,vanilla_3d_diffusion,20260533,0.45,0.266857866033259,0.17181651970531503
PIEZO,vanilla_3d_diffusion,20260533,0.5,0.26355507235736053,0.18925072476837565
PIEZO,vanilla_3d_diffusion,20260533,0.55,0.2590797293756503,0.2077640028063737
PIEZO,vanilla_3d_diffusion,20260533,0.6000000000000001,0.2688516332204754,0.2295411827692179
PIEZO,vanilla_3d_diffusion,20260533,0.65,0.2805518907215488,0.24890456562010854
PIEZO,vanilla_3d_diffusion,20260533,0.7,0.30222638417679487,0.2693460417911312
PIEZO,vanilla_3d_diffusion,20260533,0.75,0.32262311292626017,0.2965035607586216
PIEZO,vanilla_3d_diffusion,20260533,0.8,0.3509770171502859,0.3265633006173576
PIEZO,vanilla_3d_diffusion,20260533,0.8500000000000001,0.37295776780126666,0.3612780330196291
PIEZO,vanilla_3d_diffusion,20260533,0.9000000000000001,0.40955033525952733,0.4013025491108851
PIEZO,vanilla_3d_diffusion,20260533,0.95,0.4819861914305434,0.48198619143054333
PIEZO,vanilla_3d_diffusion,20260533,1.0,0.5995129275113433,0.5995129275113433
PIEZO,eapp_only_diffusion,20260531,0.2,0.26446661842371433,0.071937203612042
PIEZO,eapp_only_diffusion,20260531,0.25,0.25062132940161536,0.09145091202085565
PIEZO,eapp_only_diffusion,20260531,0.30000000000000004,0.2919576289215556,0.1129817713323905
PIEZO,eapp_only_diffusion,20260531,0.35000000000000003,0.2869272959189125,0.13120505063726082
PIEZO,eapp_only_diffusion,20260531,0.4,0.2724803689626663,0.14804271479756698
PIEZO,eapp_only_diffusion,20260531,0.45,0.27388103666740615,0.1658560244536478
PIEZO,eapp_only_diffusion,20260531,0.5,0.26546172798062395,0.18453688409414945
PIEZO,eapp_only_diffusion,20260531,0.55,0.2694894537672269,0.20368281549811293
PIEZO,eapp_only_diffusion,20260531,0.6000000000000001,0.2801655849587506,0.22775585973472987
PIEZO,eapp_only_diffusion,20260531,0.65,0.3022606840477664,0.2528231426889431
PIEZO,eapp_only_diffusion,20260531,0.7,0.33342187811399243,0.28288064695604787
PIEZO,eapp_only_diffusion,20260531,0.75,0.3548978065021736,0.3228963210359556
PIEZO,eapp_only_diffusion,20260531,0.8,0.38606921529325744,0.36295005228291805
PIEZO,eapp_only_diffusion,20260531,0.8500000000000001,0.41650718897021116,0.4049197523435255
PIEZO,eapp_only_diffusion,20260531,0.9000000000000001,0.4555074977165007,0.45226974116808866
PIEZO,eapp_only_diffusion,20260531,0.95,0.5251493225946005,0.5251493225946006
PIEZO,eapp_only_diffusion,20260531,1.0,0.6640454764513962,0.6640454764513962
PIEZO,eapp_only_diffusion,20260532,0.2,0.24622375699382695,0.0749286662850936
PIEZO,eapp_only_diffusion,20260532,0.25,0.2656898440118215,0.08964580377543606
PIEZO,eapp_only_diffusion,20260532,0.30000000000000004,0.2608304726953876,0.11016896273763417
PIEZO,eapp_only_diffusion,20260532,0.35000000000000003,0.24646322819457767,0.12827522728984864
PIEZO,eapp_only_diffusion,20260532,0.4,0.22934163911179142,0.14649740058482694
PIEZO,eapp_only_diffusion,20260532,0.45,0.21324959066554333,0.1678413690057947
PIEZO,eapp_only_diffusion,20260532,0.5,0.22331261282366352,0.18811862480180658
PIEZO,eapp_only_diffusion,20260532,0.55,0.2426962294226222,0.20918584021826175
PIEZO,eapp_only_diffusion,20260532,0.6000000000000001,0.26370057030086774,0.23499532919022095
PIEZO,eapp_only_diffusion,20260532,0.65,0.28419788317343236,0.26466106366682784
PIEZO,eapp_only_diffusion,20260532,0.7,0.3229135648104868,0.29698265553308506
PIEZO,eapp_only_diffusion,20260532,0.75,0.3605074844384089,0.33960066347929496
PIEZO,eapp_only_diffusion,20260532,0.8,0.3959696732480692,0.384155653375772
PIEZO,eapp_only_diffusion,20260532,0.8500000000000001,0.44424612178784445,0.43593152088842274
PIEZO,eapp_only_diffusion,20260532,0.9000000000000001,0.507927473787448,0.5023813339873353
PIEZO,eapp_only_diffusion,20260532,0.95,0.6379130691095861,0.625702561508062
PIEZO,eapp_only_diffusion,20260532,1.0,0.7743944460743014,0.7743944460743014
PIEZO,eapp_only_diffusion,20260533,0.2,0.259017472050988,0.07030801543569623
PIEZO,eapp_only_diffusion,20260533,0.25,0.2620276154184421,0.08583248891205514
PIEZO,eapp_only_diffusion,20260533,0.30000000000000004,0.25836762167215654,0.10544149698407265
PIEZO,eapp_only_diffusion,20260533,0.35000000000000003,0.26425560005940163,0.12256028178869233
PIEZO,eapp_only_diffusion,20260533,0.4,0.2609970900506182,0.1396879313033567
PIEZO,eapp_only_diffusion,20260533,0.45,0.2557275909770257,0.1608783777539092
PIEZO,eapp_only_diffusion,20260533,0.5,0.2480878225519409,0.1803885641844813
PIEZO,eapp_only_diffusion,20260533,0.55,0.2485794278674643,0.19926807652485098
PIEZO,eapp_only_diffusion,20260533,0.6000000000000001,0.2775852207440993,0.22509365414126717
PIEZO,eapp_only_diffusion,20260533,0.65,0.29914725852955204,0.2541658864595121
PIEZO,eapp_only_diffusion,20260533,0.7,0.33607326568089096,0.28778266315296025
PIEZO,eapp_only_diffusion,20260533,0.75,0.37176094688100964,0.33048971263954535
PIEZO,eapp_only_diffusion,20260533,0.8,0.39373430032536016,0.3701545366844534
PIEZO,eapp_only_diffusion,20260533,0.8500000000000001,0.43143873163781615,0.4170334018867766
PIEZO,eapp_only_diffusion,20260533,0.9000000000000001,0.4687012383143833,0.4659355094993667
PIEZO,eapp_only_diffusion,20260533,0.95,0.550347804676795,0.5441055506342413
PIEZO,eapp_only_diffusion,20260533,1.0,0.6900831959932058,0.690083195993206
PIEZO,dps_inverse_diffusion,20260531,0.2,0.35112467123305047,0.08409881746148513
PIEZO,dps_inverse_diffusion,20260531,0.25,0.37189624791218,0.10253980632265669
PIEZO,dps_inverse_diffusion,20260531,0.30000000000000004,0.39289905493491417,0.122840493088225
PIEZO,dps_inverse_diffusion,20260531,0.35000000000000003,0.4025286055834566,0.14126280616597692
PIEZO,dps_inverse_diffusion,20260531,0.4,0.4303612556818971,0.15903876530110111
PIEZO,dps_inverse_diffusion,20260531,0.45,0.4147541346146213,0.1770741951921885
PIEZO,dps_inverse_diffusion,20260531,0.5,0.40233201265358426,0.191298865401215
PIEZO,dps_inverse_diffusion,20260531,0.55,0.3781324066385596,0.20536469834100432
PIEZO,dps_inverse_diffusion,20260531,0.6000000000000001,0.3595253202310091,0.22030379721132973
PIEZO,dps_inverse_diffusion,20260531,0.65,0.34310656599141554,0.2334558778385718
PIEZO,dps_inverse_diffusion,20260531,0.7,0.33238518707722886,0.24613969275789918
PIEZO,dps_inverse_diffusion,20260531,0.75,0.32021300535272285,0.26101489019438157
PIEZO,dps_inverse_diffusion,20260531,0.8,0.31424241444245227,0.27556034377634187
PIEZO,dps_inverse_diffusion,20260531,0.8500000000000001,0.3200393394509188,0.29212794359509703
PIEZO,dps_inverse_diffusion,20260531,0.9000000000000001,0.32431106905178364,0.31077020326354177
PIEZO,dps_inverse_diffusion,20260531,0.95,0.3505464806770151,0.34230970974725594
PIEZO,dps_inverse_diffusion,20260531,1.0,0.4118431842607624,0.4118431842607624
PIEZO,dps_inverse_diffusion,20260532,0.2,0.3713754626646225,0.07950227350889565
PIEZO,dps_inverse_diffusion,20260532,0.25,0.38312409668745123,0.09768451727746197
PIEZO,dps_inverse_diffusion,20260532,0.30000000000000004,0.41052705341506585,0.11958113643293244
PIEZO,dps_inverse_diffusion,20260532,0.35000000000000003,0.43124860342388405,0.13806844479833894
PIEZO,dps_inverse_diffusion,20260532,0.4,0.4439822107173336,0.15585101844371846
PIEZO,dps_inverse_diffusion,20260532,0.45,0.4256206117984539,0.17481614549052862
PIEZO,dps_inverse_diffusion,20260532,0.5,0.4131121450516669,0.1910605272582022
PIEZO,dps_inverse_diffusion,20260532,0.55,0.39697264811658883,0.20590328655681397
PIEZO,dps_inverse_diffusion,20260532,0.6000000000000001,0.3768475173442984,0.22249763701778477
PIEZO,dps_inverse_diffusion,20260532,0.65,0.36384205902359124,0.2378105870307968
PIEZO,dps_inverse_diffusion,20260532,0.7,0.34624805460498054,0.25304611956269485
PIEZO,dps_inverse_diffusion,20260532,0.75,0.3392150844076644,0.2704784855933638
PIEZO,dps_inverse_diffusion,20260532,0.8,0.3292818556659448,0.2871301892541697
PIEZO,dps_inverse_diffusion,20260532,0.8500000000000001,0.325788409758027,0.30365374390999506
PIEZO,dps_inverse_diffusion,20260532,0.9000000000000001,0.3297941559079575,0.3230327487338631
PIEZO,dps_inverse_diffusion,20260532,0.95,0.37188659343127317,0.36055007144082996
PIEZO,dps_inverse_diffusion,20260532,1.0,0.43406498105349967,0.4340649810534996
PIEZO,dps_inverse_diffusion,20260533,0.2,0.3644454887435183,0.09640688870410831
PIEZO,dps_inverse_diffusion,20260533,0.25,0.3885903664066424,0.11796521419224817
PIEZO,dps_inverse_diffusion,20260533,0.30000000000000004,0.4101521286057813,0.13708429610928097
PIEZO,dps_inverse_diffusion,20260533,0.35000000000000003,0.4341459191629843,0.15261619292404793
PIEZO,dps_inverse_diffusion,20260533,0.4,0.45352434689423193,0.16838201339252312
PIEZO,dps_inverse_diffusion,20260533,0.45,0.43850393456065345,0.1853906586068586
PIEZO,dps_inverse_diffusion,20260533,0.5,0.4147787541185699,0.1996592618605942
PIEZO,dps_inverse_diffusion,20260533,0.55,0.4055487421394106,0.21449814262863276
PIEZO,dps_inverse_diffusion,20260533,0.6000000000000001,0.38661957657246815,0.2306604676994941
PIEZO,dps_inverse_diffusion,20260533,0.65,0.3716928330055931,0.24533412936629573
PIEZO,dps_inverse_diffusion,20260533,0.7,0.3546947374001823,0.2604277889616183
PIEZO,dps_inverse_diffusion,20260533,0.75,0.34153041123971734,0.27793750290864633
PIEZO,dps_inverse_diffusion,20260533,0.8,0.3382946320911844,0.29563409883247016
PIEZO,dps_inverse_diffusion,20260533,0.8500000000000001,0.3398782055836926,0.31464064175071227
PIEZO,dps_inverse_diffusion,20260533,0.9000000000000001,0.35173217543653934,0.3352270777863622
PIEZO,dps_inverse_diffusion,20260533,0.95,0.38436530785885076,0.3824039324024029
PIEZO,dps_inverse_diffusion,20260533,1.0,0.45588367513447314,0.45588367513447314
PIEZO,op_conditioned_diffusion_ours,20260531,0.2,0.16081135616982242,0.1371578403414393
PIEZO,op_conditioned_diffusion_ours,20260531,0.25,0.17300132357098902,0.1465907704511382
PIEZO,op_conditioned_diffusion_ours,20260531,0.30000000000000004,0.18130183716523884,0.15858156884666558
PIEZO,op_conditioned_diffusion_ours,20260531,0.35000000000000003,0.18602130841931913,0.17100898924213823
PIEZO,op_conditioned_diffusion_ours,20260531,0.4,0.19683252043268648,0.18471338482424132
PIEZO,op_conditioned_diffusion_ours,20260531,0.45,0.2511173945841859,0.20509848358764027
PIEZO,op_conditioned_diffusion_ours,20260531,0.5,0.27896961645262797,0.23372669986135966
PIEZO,op_conditioned_diffusion_ours,20260531,0.55,0.3083187912574141,0.2715296856501401
PIEZO,op_conditioned_diffusion_ours,20260531,0.6000000000000001,0.35243661064457055,0.3154485824113365
PIEZO,op_conditioned_diffusion_ours,20260531,0.65,0.3990296051945733,0.3528582257164673
PIEZO,op_conditioned_diffusion_ours,20260531,0.7,0.4382341021437889,0.3885910191614698
PIEZO,op_conditioned_diffusion_ours,20260531,0.75,0.4764368223590755,0.426429701187332
PIEZO,op_conditioned_diffusion_ours,20260531,0.8,0.5074787418952434,0.4585820168843506
PIEZO,op_conditioned_diffusion_ours,20260531,0.8500000000000001,0.5367463997036009,0.49051557332838785
PIEZO,op_conditioned_diffusion_ours,20260531,0.9000000000000001,0.5603802827752875,0.5233025184689669
PIEZO,op_conditioned_diffusion_ours,20260531,0.95,0.5806214508943344,0.5592871544411919
PIEZO,op_conditioned_diffusion_ours,20260531,1.0,0.5922016148848478,0.5922016148848479
PIEZO,op_conditioned_diffusion_ours,20260532,0.2,0.1717455315915068,0.13905038998375435
PIEZO,op_conditioned_diffusion_ours,20260532,0.25,0.17779959852002583,0.1507150574923772
PIEZO,op_conditioned_diffusion_ours,20260532,0.30000000000000004,0.19077897262507845,0.16629356875682957
PIEZO,op_conditioned_diffusion_ours,20260532,0.35000000000000003,0.20439454032963278,0.18208866740568347
PIEZO,op_conditioned_diffusion_ours,20260532,0.4,0.21763540325016004,0.1976260117775097
PIEZO,op_conditioned_diffusion_ours,20260532,0.45,0.2598183483704318,0.22092845491254362
PIEZO,op_conditioned_diffusion_ours,20260532,0.5,0.300743719376774,0.24504558320333397
PIEZO,op_conditioned_diffusion_ours,20260532,0.55,0.32723129325756944,0.27521341170250524
PIEZO,op_conditioned_diffusion_ours,20260532,0.6000000000000001,0.3677088769345104,0.3133460779659106
PIEZO,op_conditioned_diffusion_ours,20260532,0.65,0.40331081656665657,0.34914126958168173
PIEZO,op_conditioned_diffusion_ours,20260532,0.7,0.42876578634584167,0.38429317085603254
PIEZO,op_conditioned_diffusion_ours,20260532,0.75,0.47449079757397367,0.42231183467665556
PIEZO,op_conditioned_diffusion_ours,20260532,0.8,0.5064678419596476,0.4554004603295719
PIEZO,op_conditioned_diffusion_ours,20260532,0.8500000000000001,0.5297866503093143,0.4872948639026846
PIEZO,op_conditioned_diffusion_ours,20260532,0.9000000000000001,0.5524069891221445,0.5193624451215381
PIEZO,op_conditioned_diffusion_ours,20260532,0.95,0.5768310129225573,0.5540905551411475
PIEZO,op_conditioned_diffusion_ours,20260532,1.0,0.587007437997117,0.587007437997117
PIEZO,op_conditioned_diffusion_ours,20260533,0.2,0.15670659112210367,0.12559207414398568
PIEZO,op_conditioned_diffusion_ours,20260533,0.25,0.16441774072506998,0.13747586787431212
PIEZO,op_conditioned_diffusion_ours,20260533,0.30000000000000004,0.1798777657820961,0.15020776241022124
PIEZO,op_conditioned_diffusion_ours,20260533,0.35000000000000003,0.18806992852216595,0.16215923963655493
PIEZO,op_conditioned_diffusion_ours,20260533,0.4,0.1944946655578672,0.17705869858882267
PIEZO,op_conditioned_diffusion_ours,20260533,0.45,0.24545241508576277,0.19704476920061195
PIEZO,op_conditioned_diffusion_ours,20260533,0.5,0.25975403692628063,0.22518974148866736
PIEZO,op_conditioned_diffusion_ours,20260533,0.55,0.3133711502599683,0.261553580284595
PIEZO,op_conditioned_diffusion_ours,20260533,0.6000000000000001,0.360748976415137,0.30284170299125196
PIEZO,op_conditioned_diffusion_ours,20260533,0.65,0.40256827238987836,0.33909256121040776
PIEZO,op_conditioned_diffusion_ours,20260533,0.7,0.44266728212216244,0.3744726185669329
PIEZO,op_conditioned_diffusion_ours,20260533,0.75,0.47723990917569564,0.4120192392030263
PIEZO,op_conditioned_diffusion_ours,20260533,0.8,0.4986271166264233,0.44590763574182846
PIEZO,op_conditioned_diffusion_ours,20260533,0.8500000000000001,0.5237558965329211,0.4782347052220255
PIEZO,op_conditioned_diffusion_ours,20260533,0.9000000000000001,0.5460401282866556,0.5096120597975939
PIEZO,op_conditioned_diffusion_ours,20260533,0.95,0.5644196454953416,0.545313517054739
PIEZO,op_conditioned_diffusion_ours,20260533,1.0,0.5787853580019073,0.5787853580019073
US,direct_scalar_regression,20260531,0.2,1.7451089790005379,0.2499364060257907
US,direct_scalar_regression,20260531,0.25,1.6826178225702642,0.3108831745883926
US,direct_scalar_regression,20260531,0.30000000000000004,1.5852982586330182,0.38705870252785957
US,direct_scalar_regression,20260531,0.35000000000000003,1.4801485526881502,0.46337744777952317
US,direct_scalar_regression,20260531,0.4,1.3633636091422623,0.5414352670558152
US,direct_scalar_regression,20260531,0.45,1.2451240561613979,0.6277293878605439
US,direct_scalar_regression,20260531,0.5,1.163589340930287,0.6980012200749144
US,direct_scalar_regression,20260531,0.55,1.1317515943980165,0.7625288246377743
US,direct_scalar_regression,20260531,0.6000000000000001,1.1104939478075047,0.8321448340437538
US,direct_scalar_regression,20260531,0.65,1.105246620981615,0.8918669097266025
US,direct_scalar_regression,20260531,0.7,1.108720629174233,0.947924935327726
US,direct_scalar_regression,20260531,0.75,1.1087826025615009,1.0115476020508585
US,direct_scalar_regression,20260531,0.8,1.1584893280996411,1.0698958283212583
US,direct_scalar_regression,20260531,0.8500000000000001,1.2007364039671484,1.1312516256919405
US,direct_scalar_regression,20260531,0.9000000000000001,1.2456285359030346,1.1949836480354554
US,direct_scalar_regression,20260531,0.95,1.311294253169789,1.2789854650073018
US,direct_scalar_regression,20260531,1.0,1.3722852134448416,1.3722852134448418
US,direct_scalar_regression,20260532,0.2,1.7758211097518712,0.2506436106856638
US,direct_scalar_regression,20260532,0.25,1.6475526314291618,0.3195534339414272
US,direct_scalar_regression,20260532,0.30000000000000004,1.5780090148495358,0.40449649479186434
US,direct_scalar_regression,20260532,0.35000000000000003,1.4883036348760956,0.48224724992511886
US,direct_scalar_regression,20260532,0.4,1.3835809820245077,0.5610745390109804
US,direct_scalar_regression,20260532,0.45,1.2809235980624916,0.6398782090624027
US,direct_scalar_regression,20260532,0.5,1.189907043591485,0.7054868781875323
US,direct_scalar_regression,20260532,0.55,1.131185936638656,0.7708295322966114
US,direct_scalar_regression,20260532,0.6000000000000001,1.1046426034607908,0.8426453032879545
US,direct_scalar_regression,20260532,0.65,1.1124755288819301,0.9068179608702557
US,direct_scalar_regression,20260532,0.7,1.1179557518992032,0.9648746161796815
US,direct_scalar_regression,20260532,0.75,1.1290738272598857,1.0287982807145784
US,direct_scalar_regression,20260532,0.8,1.168281432359926,1.0867021581342953
US,direct_scalar_regression,20260532,0.8500000000000001,1.192816632363612,1.1469662220825207
US,direct_scalar_regression,20260532,0.9000000000000001,1.242965963306591,1.2087754269183146
US,direct_scalar_regression,20260532,0.95,1.313734651605406,1.2889012142670648
US,direct_scalar_regression,20260532,1.0,1.3713022996934474,1.3713022996934472
US,direct_scalar_regression,20260533,0.2,1.757139478159804,0.22004957945762232
US,direct_scalar_regression,20260533,0.25,1.6806263080624195,0.2957944772938126
US,direct_scalar_regression,20260533,0.30000000000000004,1.608263847300962,0.37869952053634776
US,direct_scalar_regression,20260533,0.35000000000000003,1.4955735683387343,0.4517466753914131
US,direct_scalar_regression,20260533,0.4,1.3696102656801181,0.5238686976610534
US,direct_scalar_regression,20260533,0.45,1.2695747140492009,0.6036888430474576
US,direct_scalar_regression,20260533,0.5,1.1851839181858195,0.6751708428816469
US,direct_scalar_regression,20260533,0.55,1.132927332075231,0.7472875866920659
US,direct_scalar_regression,20260533,0.6000000000000001,1.111344448915691,0.8229706289116773
US,direct_scalar_regression,20260533,0.65,1.1155019120478131,0.8858157564630109
US,direct_scalar_regression,20260533,0.7,1.1075745922923963,0.9445768003033167
US,direct_scalar_regression,20260533,0.75,1.1132003010449232,1.0088494747876164
US,direct_scalar_regression,20260533,0.8,1.132728323145437,1.066783611283512
US,direct_scalar_regression,20260533,0.8500000000000001,1.1748563644579018,1.1239713073248725
US,direct_scalar_regression,20260533,0.9000000000000001,1.237055001253403,1.1864422005420847
US,direct_scalar_regression,20260533,0.95,1.3134104630312036,1.2763664717776677
US,direct_scalar_regression,20260533,1.0,1.3796025241908987,1.3796025241908987
US,unet_3d,20260531,0.2,0.44142368051118813,0.32885280348331264
US,unet_3d,20260531,0.25,0.4364753211707855,0.34427396590965115
US,unet_3d,20260531,0.30000000000000004,0.4399584269485243,0.36034324350911057
US,unet_3d,20260531,0.35000000000000003,0.4445442983410545,0.3748737351342495
US,unet_3d,20260531,0.4,0.45627263414854563,0.3909921691585484
US,unet_3d,20260531,0.45,0.4741929289602255,0.4089616915830397
US,unet_3d,20260531,0.5,0.49080594859654325,0.42598337565903244
US,unet_3d,20260531,0.55,0.5108392987137044,0.4448459975135616
US,unet_3d,20260531,0.6000000000000001,0.5310496546367577,0.46617593072336777
US,unet_3d,20260531,0.65,0.5496111854047123,0.48528791216429845
US,unet_3d,20260531,0.7,0.5690026974348236,0.505199302075138
US,unet_3d,20260531,0.75,0.5946546199404293,0.5282692545168048
US,unet_3d,20260531,0.8,0.621926289200571,0.5508850400417077
US,unet_3d,20260531,0.8500000000000001,0.6580487862444443,0.5764434733640961
US,unet_3d,20260531,0.9000000000000001,0.7049098452329267,0.6053980587538791
US,unet_3d,20260531,0.95,0.7085568726779469,0.647177688647294
US,unet_3d,20260531,1.0,0.6931971342705022,0.6931971342705022
US,unet_3d,20260532,0.2,0.4660922877968749,0.34265135880758985
US,unet_3d,20260532,0.25,0.45856319056781086,0.3570581275136416
US,unet_3d,20260532,0.30000000000000004,0.46092957978900273,0.37233550350038097
US,unet_3d,20260532,0.35000000000000003,0.46394747208775894,0.38743466938288035
US,unet_3d,20260532,0.4,0.4731195625404733,0.4030890508030015
US,unet_3d,20260532,0.45,0.48833196547879887,0.42055381694482136
US,unet_3d,20260532,0.5,0.5013562482929262,0.43646586603271337
US,unet_3d,20260532,0.55,0.519542703806942,0.45392265475396965
US,unet_3d,20260532,0.6000000000000001,0.5367931935781077,0.47406734136563816
US,unet_3d,20260532,0.65,0.5564694473165507,0.4925142357177005
US,unet_3d,20260532,0.7,0.5748277345852785,0.512096528071689
US,unet_3d,20260532,0.75,0.6016064881650767,0.5354108883991392
US,unet_3d,20260532,0.8,0.6313201988033509,0.5587826165192928
US,unet_3d,20260532,0.8500000000000001,0.667602395097521,0.5860754316197263
US,unet_3d,20260532,0.9000000000000001,0.7145863270141154,0.6170201326731752
US,unet_3d,20260532,0.95,0.7232295185743649,0.6592541480681576
US,unet_3d,20260532,1.0,0.7060794530838914,0.7060794530838914
US,unet_3d,20260533,0.2,0.49850156560939823,0.34092902303603867
US,unet_3d,20260533,0.25,0.5006704420337098,0.3545192601693738
US,unet_3d,20260533,0.30000000000000004,0.49234040884427527,0.37025014086965996
US,unet_3d,20260533,0.35000000000000003,0.488952574408299,0.3836824900073564
US,unet_3d,20260533,0.4,0.5024098371338762,0.3994964032280921
US,unet_3d,20260533,0.45,0.511351762458686,0.4168082701442349
US,unet_3d,20260533,0.5,0.524270208104066,0.432234241545547
US,unet_3d,20260533,0.55,0.536358981552038,0.4489767287260209
US,unet_3d,20260533,0.6000000000000001,0.5513083893669721,0.46946147729297627
US,unet_3d,20260533,0.65,0.5668583765877664,0.48823951449895364
US,unet_3d,20260533,0.7,0.5832491614774503,0.5077282369613346
US,unet_3d,20260533,0.75,0.605316775536876,0.5299390424537473
US,unet_3d,20260533,0.8,0.6285444002448843,0.5521729887146446
US,unet_3d,20260533,0.8500000000000001,0.656560622114018,0.5773382701968491
US,unet_3d,20260533,0.9000000000000001,0.6980386856105085,0.6051381216396043
US,unet_3d,20260533,0.95,0.7011138339558481,0.6411199085701336
US,unet_3d,20260533,1.0,0.6854951972758181,0.685495197275818
US,kernel_gp,20260531,0.2,0.2719368595465487,0.25683733747916143
US,kernel_gp,20260531,0.25,0.28442855212631807,0.26976718209611805
US,kernel_gp,20260531,0.30000000000000004,0.2969849393403696,0.28437424149028606
US,kernel_gp,20260531,0.35000000000000003,0.3079220022646657,0.2982352842947713
US,kernel_gp,20260531,0.4,0.32614217251766764,0.3130971387422192
US,kernel_gp,20260531,0.45,0.3359953519838439,0.32983619917655477
US,kernel_gp,20260531,0.5,0.3504194980198572,0.34369200890651885
US,kernel_gp,20260531,0.55,0.3672038344550451,0.3572608610099213
US,kernel_gp,20260531,0.6000000000000001,0.3865535984894627,0.3726113704330363
US,kernel_gp,20260531,0.65,0.39959716616838736,0.38684253601992635
US,kernel_gp,20260531,0.7,0.41772012728023633,0.4028717707139719
US,kernel_gp,20260531,0.75,0.4424879053117965,0.42216767477274386
US,kernel_gp,20260531,0.8,0.4599201523186053,0.4401487782169383
US,kernel_gp,20260531,0.8500000000000001,0.4812237733470436,0.4591528676952244
US,kernel_gp,20260531,0.9000000000000001,0.5015233483487722,0.48090837873882425
US,kernel_gp,20260531,0.95,0.5329561049760387,0.5137579009250363
US,kernel_gp,20260531,1.0,0.5525490700451298,0.5525490700451298
US,kernel_gp,20260532,0.2,0.2814248689234036,0.2410365825933301
US,kernel_gp,20260532,0.25,0.2850325597283736,0.2544759536013651
US,kernel_gp,20260532,0.30000000000000004,0.29185331126877206,0.2683125383452843
US,kernel_gp,20260532,0.35000000000000003,0.3019781598855906,0.2802892468617086
US,kernel_gp,20260532,0.4,0.31393794878856046,0.2932656943650329
US,kernel_gp,20260532,0.45,0.3296735199791341,0.30859808304336406
US,kernel_gp,20260532,0.5,0.34594013637972637,0.3231079599679593
US,kernel_gp,20260532,0.55,0.3527676698820053,0.3364174745961576
US,kernel_gp,20260532,0.6000000000000001,0.3693854765698919,0.35103489051809245
US,kernel_gp,20260532,0.65,0.3792476776998291,0.3650470730665796
US,kernel_gp,20260532,0.7,0.3939493150433951,0.37994949188145277
US,kernel_gp,20260532,0.75,0.41284629470962003,0.3973539951190555
US,kernel_gp,20260532,0.8,0.4364167592381304,0.41412299352582643
US,kernel_gp,20260532,0.8500000000000001,0.453341899101232,0.43251374116757374
US,kernel_gp,20260532,0.9000000000000001,0.4665785710823219,0.45281489555223714
US,kernel_gp,20260532,0.95,0.505677241648153,0.4828010250299344
US,kernel_gp,20260532,1.0,0.5234389713069945,0.5234389713069945
US,kernel_gp,20260533,0.2,0.2653382212646596,0.24407208073185022
US,kernel_gp,20260533,0.25,0.2780889450769261,0.25675107846375644
US,kernel_gp,20260533,0.30000000000000004,0.29153711621131767,0.27044807609257754
US,kernel_gp,20260533,0.35000000000000003,0.3040710350636104,0.28353627267915515
US,kernel_gp,20260533,0.4,0.3221471850712285,0.29769084254494604
US,kernel_gp,20260533,0.45,0.3338309990802722,0.31352329803746715
US,kernel_gp,20260533,0.5,0.34517316438296,0.32755509171061975
US,kernel_gp,20260533,0.55,0.3610564928054882,0.3419164168680494
US,kernel_gp,20260533,0.6000000000000001,0.3719017353535773,0.3573127388032197
US,kernel_gp,20260533,0.65,0.3881154793587296,0.3708705387983887
US,kernel_gp,20260533,0.7,0.40373813431795513,0.3853991348909744
US,kernel_gp,20260533,0.75,0.4232756796273231,0.402880729123323
US,kernel_gp,20260533,0.8,0.4452268412830825,0.4195742887629647
US,kernel_gp,20260533,0.8500000000000001,0.4593124925279822,0.4390631921031296
US,kernel_gp,20260533,0.9000000000000001,0.4779742150567566,0.46007992498786193
US,kernel_gp,20260533,0.95,0.5146428757681473,0.49195924786356465
US,kernel_gp,20260533,1.0,0.5349047246331027,0.5349047246331027
US,vanilla_3d_diffusion,20260531,0.2,0.47886336581518124,0.23677452490395282
US,vanilla_3d_diffusion,20260531,0.25,0.49406606984140866,0.2601792048598473
US,vanilla_3d_diffusion,20260531,0.30000000000000004,0.4976903607980518,0.28240681595708417
US,vanilla_3d_diffusion,20260531,0.35000000000000003,0.5133330512792866,0.3002001806497762
US,vanilla_3d_diffusion,20260531,0.4,0.5131363455344727,0.317022398231907
US,vanilla_3d_diffusion,20260531,0.45,0.5220928059361218,0.33497227652446776
US,vanilla_3d_diffusion,20260531,0.5,0.5177531709289348,0.35043104737244496
US,vanilla_3d_diffusion,20260531,0.55,0.5145037149379066,0.36472073781780967
US,vanilla_3d_diffusion,20260531,0.6000000000000001,0.5111014783980496,0.3794438669158365
US,vanilla_3d_diffusion,20260531,0.65,0.5098638086896875,0.3923349362575881
US,vanilla_3d_diffusion,20260531,0.7,0.5062892475615465,0.40486337165854813
US,vanilla_3d_diffusion,20260531,0.75,0.5125511489231688,0.41810195657978416
US,vanilla_3d_diffusion,20260531,0.8,0.516374787918501,0.43005888055044283
US,vanilla_3d_diffusion,20260531,0.8500000000000001,0.5104968923131544,0.4422866481215677
US,vanilla_3d_diffusion,20260531,0.9000000000000001,0.5042205249678661,0.45510740159640367
US,vanilla_3d_diffusion,20260531,0.95,0.5031216674708299,0.47071543927015563
US,vanilla_3d_diffusion,20260531,1.0,0.4955467900504578,0.4955467900504578
US,vanilla_3d_diffusion,20260532,0.2,0.45770193205657844,0.269368209644802
US,vanilla_3d_diffusion,20260532,0.25,0.4756059569109497,0.28776605036413
US,vanilla_3d_diffusion,20260532,0.30000000000000004,0.4790682237397138,0.3044580515538807
US,vanilla_3d_diffusion,20260532,0.35000000000000003,0.4874945379347785,0.3188050185552197
US,vanilla_3d_diffusion,20260532,0.4,0.486814762077195,0.33259340827461475
US,vanilla_3d_diffusion,20260532,0.45,0.48915886126904273,0.34697718952672685
US,vanilla_3d_diffusion,20260532,0.5,0.49319752603904204,0.359509915803028
US,vanilla_3d_diffusion,20260532,0.55,0.4923829008305323,0.37180825235829496
US,vanilla_3d_diffusion,20260532,0.6000000000000001,0.4967314280153618,0.38483149146959494
US,vanilla_3d_diffusion,20260532,0.65,0.5011003102259864,0.3968888530778618
US,vanilla_3d_diffusion,20260532,0.7,0.499375669641059,0.40856175594582017
US,vanilla_3d_diffusion,20260532,0.75,0.514413546513848,0.4210763300219741
US,vanilla_3d_diffusion,20260532,0.8,0.5066210640589711,0.43227979797641397
US,vanilla_3d_diffusion,20260532,0.8500000000000001,0.5030156310883747,0.4439145284550108
US,vanilla_3d_diffusion,20260532,0.9000000000000001,0.5011427993185903,0.4559839432410491
US,vanilla_3d_diffusion,20260532,0.95,0.4965245172266886,0.4717701739197419
US,vanilla_3d_diffusion,20260532,1.0,0.5016043348798169,0.501604334879817
US,vanilla_3d_diffusion,20260533,0.2,0.4781007683467221,0.2649857994034271
US,vanilla_3d_diffusion,20260533,0.25,0.49210844336374177,0.28303967053364304
US,vanilla_3d_diffusion,20260533,0.30000000000000004,0.5065931919490952,0.30098088925218774
US,vanilla_3d_diffusion,20260533,0.35000000000000003,0.504355702475908,0.31490854889773084
US,vanilla_3d_diffusion,20260533,0.4,0.4995940205514665,0.32759118830388695
US,vanilla_3d_diffusion,20260533,0.45,0.49641144696575895,0.34084265018531174
US,vanilla_3d_diffusion,20260533,0.5,0.4943506396462431,0.3527603511390351
US,vanilla_3d_diffusion,20260533,0.55,0.49109332267482597,0.3642967468214528
US,vanilla_3d_diffusion,20260533,0.6000000000000001,0.4978343493466807,0.37680561368778404
US,vanilla_3d_diffusion,20260533,0.65,0.5004237980231458,0.38858656782082596
US,vanilla_3d_diffusion,20260533,0.7,0.5081915704110118,0.40037260670675506
US,vanilla_3d_diffusion,20260533,0.75,0.5066486454751009,0.41401261668400396
US,vanilla_3d_diffusion,20260533,0.8,0.5107289522116165,0.4259300308767736
US,vanilla_3d_diffusion,20260533,0.8500000000000001,0.5073204198090451,0.4378346008238193
US,vanilla_3d_diffusion,20260533,0.9000000000000001,0.5030437685790515,0.4496486820880124
US,vanilla_3d_diffusion,20260533,0.95,0.49816355291846665,0.464860164475384
US,vanilla_3d_diffusion,20260533,1.0,0.48961578542856715,0.4896157854285672
US,eapp_only_diffusion,20260531,0.2,0.432464185582338,0.13963537689242864
US,eapp_only_diffusion,20260531,0.25,0.45703959809898803,0.1617352338428155
US,eapp_only_diffusion,20260531,0.30000000000000004,0.470116723054154,0.18211648075603695
US,eapp_only_diffusion,20260531,0.35000000000000003,0.46703290417887616,0.20127743507139453
US,eapp_only_diffusion,20260531,0.4,0.4789611282294198,0.21999471587849842
US,eapp_only_diffusion,20260531,0.45,0.4723555579965543,0.23913578604781685
US,eapp_only_diffusion,20260531,0.5,0.4684134245113299,0.2558976757292109
US,eapp_only_diffusion,20260531,0.55,0.46273509511723704,0.27171233736289657
US,eapp_only_diffusion,20260531,0.6000000000000001,0.46216911556520124,0.2887422801432083
US,eapp_only_diffusion,20260531,0.65,0.45712352419613844,0.30292047963776025
US,eapp_only_diffusion,20260531,0.7,0.458347227444365,0.3163660068624869
US,eapp_only_diffusion,20260531,0.75,0.4580283277049093,0.33027928363653386
US,eapp_only_diffusion,20260531,0.8,0.4548618601923125,0.3425271785750304
US,eapp_only_diffusion,20260531,0.8500000000000001,0.44978716925687684,0.35533008205497413
US,eapp_only_diffusion,20260531,0.9000000000000001,0.4418625372223301,0.3705875702849473
US,eapp_only_diffusion,20260531,0.95,0.42669929172364446,0.3889435007617467
US,eapp_only_diffusion,20260531,1.0,0.4121260667724537,0.4121260667724538
US,eapp_only_diffusion,20260532,0.2,0.4420243587168125,0.16925630109032028
US,eapp_only_diffusion,20260532,0.25,0.45168055940181157,0.18820649104830628
US,eapp_only_diffusion,20260532,0.30000000000000004,0.45527143871847325,0.20753371463129883
US,eapp_only_diffusion,20260532,0.35000000000000003,0.4539017991439405,0.22307411638399754
US,eapp_only_diffusion,20260532,0.4,0.45940714141344485,0.237443182930975
US,eapp_only_diffusion,20260532,0.45,0.4518232319754869,0.2528294406232961
US,eapp_only_diffusion,20260532,0.5,0.44677654673943235,0.2663754100550562
US,eapp_only_diffusion,20260532,0.55,0.4400722024865617,0.2790771810608648
US,eapp_only_diffusion,20260532,0.6000000000000001,0.4338649895164442,0.2932237633945696
US,eapp_only_diffusion,20260532,0.65,0.4400747153855005,0.3054557410725484
US,eapp_only_diffusion,20260532,0.7,0.44062093754712783,0.31738851796294726
US,eapp_only_diffusion,20260532,0.75,0.44772748447988153,0.3307487734326501
US,eapp_only_diffusion,20260532,0.8,0.44331274140129834,0.3424304263458629
US,eapp_only_diffusion,20260532,0.8500000000000001,0.4314123350709239,0.35521575480117135
US,eapp_only_diffusion,20260532,0.9000000000000001,0.43004903044382475,0.36858410551609966
US,eapp_only_diffusion,20260532,0.95,0.4228712416125919,0.3880312349474866
US,eapp_only_diffusion,20260532,1.0,0.41860303808881816,0.41860303808881816
US,eapp_only_diffusion,20260533,0.2,0.4639879868345047,0.1452052869850385
US,eapp_only_diffusion,20260533,0.25,0.4712196005099918,0.17338340394947882
US,eapp_only_diffusion,20260533,0.30000000000000004,0.4786545184053323,0.19955278911929844
US,eapp_only_diffusion,20260533,0.35000000000000003,0.47111989562689705,0.21995858675229407
US,eapp_only_diffusion,20260533,0.4,0.47380233545035955,0.23865398182653158
US,eapp_only_diffusion,20260533,0.45,0.4829851594954241,0.25691556186372266
US,eapp_only_diffusion,20260533,0.5,0.4764861767951708,0.27254001108975145
US,eapp_only_diffusion,20260533,0.55,0.4739594867260552,0.2877165753836501
US,eapp_only_diffusion,20260533,0.6000000000000001,0.4630747644619041,0.3034813148148275
US,eapp_only_diffusion,20260533,0.65,0.4677225010088669,0.3173796381064438
US,eapp_only_diffusion,20260533,0.7,0.46318847041105254,0.33104268848953544
US,eapp_only_diffusion,20260533,0.75,0.45345954302555297,0.3454351662111561
US,eapp_only_diffusion,20260533,0.8,0.4452698783127106,0.358587502299237
US,eapp_only_diffusion,20260533,0.8500000000000001,0.44625842233675894,0.37157582535888756
US,eapp_only_diffusion,20260533,0.9000000000000001,0.4397760169323237,0.3843428741849844
US,eapp_only_diffusion,20260533,0.95,0.43654358686276323,0.39951183470861096
US,eapp_only_diffusion,20260533,1.0,0.4323106283366732,0.4323106283366732
US,dps_inverse_diffusion,20260531,0.2,0.23619361137504305,0.1933858217720529
US,dps_inverse_diffusion,20260531,0.25,0.23827972280519222,0.20532678608301796
US,dps_inverse_diffusion,20260531,0.30000000000000004,0.24661692911427727,0.2168491947699416
US,dps_inverse_diffusion,20260531,0.35000000000000003,0.25859121736486634,0.22813914279675143
US,dps_inverse_diffusion,20260531,0.4,0.26860646112889486,0.2392034070768045
US,dps_inverse_diffusion,20260531,0.45,0.28095366250845416,0.25129476172133847
US,dps_inverse_diffusion,20260531,0.5,0.28098385676423565,0.263267197507829
US,dps_inverse_diffusion,20260531,0.55,0.2888899501735233,0.27487231161758
US,dps_inverse_diffusion,20260531,0.6000000000000001,0.30267226481599635,0.2882712211858626
US,dps_inverse_diffusion,20260531,0.65,0.31499716140636574,0.3006588016395181
US,dps_inverse_diffusion,20260531,0.7,0.32601505268849873,0.3138952962626311
US,dps_inverse_diffusion,20260531,0.75,0.3367529729698289,0.3289365122665709
US,dps_inverse_diffusion,20260531,0.8,0.3513669809519754,0.34285648513846484
US,dps_inverse_diffusion,20260531,0.8500000000000001,0.36288219369466895,0.3575090204179745
US,dps_inverse_diffusion,20260531,0.9000000000000001,0.3836345773522859,0.3734516706265465
US,dps_inverse_diffusion,20260531,0.95,0.4162407787920186,0.39941533145478586
US,dps_inverse_diffusion,20260531,1.0,0.4380380736622655,0.4380380736622655
US,dps_inverse_diffusion,20260532,0.2,0.2183508297581544,0.18605010401205269
US,dps_inverse_diffusion,20260532,0.25,0.23077728360616914,0.19574189803979736
US,dps_inverse_diffusion,20260532,0.30000000000000004,0.24122632373674774,0.20723471565753898
US,dps_inverse_diffusion,20260532,0.35000000000000003,0.2522768321312794,0.21968530300064767
US,dps_inverse_diffusion,20260532,0.4,0.2581307979645085,0.23200454602107054
US,dps_inverse_diffusion,20260532,0.45,0.2699608633156685,0.24465839018028485
US,dps_inverse_diffusion,20260532,0.5,0.2829032540681427,0.2562656612495255
US,dps_inverse_diffusion,20260532,0.55,0.28923895265905264,0.26789302082085154
US,dps_inverse_diffusion,20260532,0.6000000000000001,0.2969841657562916,0.28136456628680456
US,dps_inverse_diffusion,20260532,0.65,0.30472518069759563,0.2935974817999199
US,dps_inverse_diffusion,20260532,0.7,0.31412788746938913,0.30559158507002954
US,dps_inverse_diffusion,20260532,0.75,0.3261630658102883,0.3194136446882253
US,dps_inverse_diffusion,20260532,0.8,0.3393368781031038,0.3317684616012369
US,dps_inverse_diffusion,20260532,0.8500000000000001,0.3514967781049555,0.34571641119964047
US,dps_inverse_diffusion,20260532,0.9000000000000001,0.369131926052843,0.36118872369415655
US,dps_inverse_diffusion,20260532,0.95,0.39168084409736875,0.38221074020990153
US,dps_inverse_diffusion,20260532,1.0,0.41153516483535896,0.41153516483535896
US,dps_inverse_diffusion,20260533,0.2,0.21893138161769535,0.19406420909839936
US,dps_inverse_diffusion,20260533,0.25,0.22740605958280274,0.20590313842316108
US,dps_inverse_diffusion,20260533,0.30000000000000004,0.23738727319212988,0.21823645450516535
US,dps_inverse_diffusion,20260533,0.35000000000000003,0.24725711045847304,0.22909778016573298
US,dps_inverse_diffusion,20260533,0.4,0.2547918946047671,0.23989413911359175
US,dps_inverse_diffusion,20260533,0.45,0.27179663947317867,0.2512538827723622
US,dps_inverse_diffusion,20260533,0.5,0.27739670227237634,0.2614225653960148
US,dps_inverse_diffusion,20260533,0.55,0.2881455928115447,0.2715956461613871
US,dps_inverse_diffusion,20260533,0.6000000000000001,0.3033461210344255,0.28340348330171716
US,dps_inverse_diffusion,20260533,0.65,0.31205287812261134,0.29423244664563736
US,dps_inverse_diffusion,20260533,0.7,0.31840832822130416,0.30595546383129535
US,dps_inverse_diffusion,20260533,0.75,0.33328297482796343,0.31926105828898366
US,dps_inverse_diffusion,20260533,0.8,0.3435860643007841,0.3328482042962041
US,dps_inverse_diffusion,20260533,0.8500000000000001,0.3606818630708626,0.3491899082431773
US,dps_inverse_diffusion,20260533,0.9000000000000001,0.3774939935211661,0.36829567056981855
US,dps_inverse_diffusion,20260533,0.95,0.4023724099620807,0.39336278722642803
US,dps_inverse_diffusion,20260533,1.0,0.4271603472266954,0.4271603472266954
US,op_conditioned_diffusion_ours,20260531,0.2,0.08975520064754086,0.0644535132361393
US,op_conditioned_diffusion_ours,20260531,0.25,0.09662980932159189,0.07170376581030266
US,op_conditioned_diffusion_ours,20260531,0.30000000000000004,0.10017902608097566,0.07915006608836549
US,op_conditioned_diffusion_ours,20260531,0.35000000000000003,0.1067844208255717,0.08537327478324694
US,op_conditioned_diffusion_ours,20260531,0.4,0.10917873594133076,0.09113771527374526
US,op_conditioned_diffusion_ours,20260531,0.45,0.11477231887191493,0.09729758160040798
US,op_conditioned_diffusion_ours,20260531,0.5,0.12130325252330837,0.10236214292679918
US,op_conditioned_diffusion_ours,20260531,0.55,0.12660909106372054,0.1076603228522959
US,op_conditioned_diffusion_ours,20260531,0.6000000000000001,0.13186825262999632,0.1136693887233868
US,op_conditioned_diffusion_ours,20260531,0.65,0.13984319397069084,0.11904296826176637
US,op_conditioned_diffusion_ours,20260531,0.7,0.14018846947270666,0.12435221199887936
US,op_conditioned_diffusion_ours,20260531,0.75,0.14616634200104883,0.13184558725866705
US,op_conditioned_diffusion_ours,20260531,0.8,0.15828364107709422,0.14061940457455982
US,op_conditioned_diffusion_ours,20260531,0.8500000000000001,0.17268681579096562,0.15125237287604557
US,op_conditioned_diffusion_ours,20260531,0.9000000000000001,0.181017364334984,0.1640945371021081
US,op_conditioned_diffusion_ours,20260531,0.95,0.18880639142841588,0.1841524889671068
US,op_conditioned_diffusion_ours,20260531,1.0,0.2098123677356196,0.2098123677356196
US,op_conditioned_diffusion_ours,20260532,0.2,0.10086994337667794,0.07288271823019717
US,op_conditioned_diffusion_ours,20260532,0.25,0.10571894248784243,0.08026057119796429
US,op_conditioned_diffusion_ours,20260532,0.30000000000000004,0.10846650599497425,0.08766263823234008
US,op_conditioned_diffusion_ours,20260532,0.35000000000000003,0.1132342655715887,0.09384389852079818
US,op_conditioned_diffusion_ours,20260532,0.4,0.12099314694411327,0.09970238012706631
US,op_conditioned_diffusion_ours,20260532,0.45,0.12537130569327098,0.10665484835199238
US,op_conditioned_diffusion_ours,20260532,0.5,0.1325895506656788,0.11325208150143759
US,op_conditioned_diffusion_ours,20260532,0.55,0.13765779532184227,0.12089973602270768
US,op_conditioned_diffusion_ours,20260532,0.6000000000000001,0.14516031243593575,0.12951273483810025
US,op_conditioned_diffusion_ours,20260532,0.65,0.14938971093685782,0.13738190032651626
US,op_conditioned_diffusion_ours,20260532,0.7,0.15709929854321195,0.14535813075613263
US,op_conditioned_diffusion_ours,20260532,0.75,0.16264581281091242,0.15418707767195053
US,op_conditioned_diffusion_ours,20260532,0.8,0.17690477289230258,0.16342751132653
US,op_conditioned_diffusion_ours,20260532,0.8500000000000001,0.1850693117899749,0.17510962466110913
US,op_conditioned_diffusion_ours,20260532,0.9000000000000001,0.19917801502327975,0.1897556885068228
US,op_conditioned_diffusion_ours,20260532,0.95,0.214540470861579,0.20976975694883299
US,op_conditioned_diffusion_ours,20260532,1.0,0.23327267913125654,0.23327267913125657
US,op_conditioned_diffusion_ours,20260533,0.2,0.0872570833334999,0.053024784117390894
US,op_conditioned_diffusion_ours,20260533,0.25,0.08952892526614988,0.06054308035471613
US,op_conditioned_diffusion_ours,20260533,0.30000000000000004,0.09541259533605187,0.06834527893706469
US,op_conditioned_diffusion_ours,20260533,0.35000000000000003,0.10072524497852366,0.074633802029313
US,op_conditioned_diffusion_ours,20260533,0.4,0.10532972745268589,0.08065933912756013
US,op_conditioned_diffusion_ours,20260533,0.45,0.11187776371689573,0.08797368944416799
US,op_conditioned_diffusion_ours,20260533,0.5,0.11369050324829724,0.09430251297915376
US,op_conditioned_diffusion_ours,20260533,0.55,0.11879376386744088,0.1005653759087187
US,op_conditioned_diffusion_ours,20260533,0.6000000000000001,0.12705102200590704,0.10770883050561113
US,op_conditioned_diffusion_ours,20260533,0.65,0.13184935133155076,0.11453069369014571
US,op_conditioned_diffusion_ours,20260533,0.7,0.13579935361978546,0.12198737751200983
US,op_conditioned_diffusion_ours,20260533,0.75,0.1422019499030356,0.13168533014278436
US,op_conditioned_diffusion_ours,20260533,0.8,0.15451593376364536,0.14169255921533425
US,op_conditioned_diffusion_ours,20260533,0.8500000000000001,0.17020257814100287,0.15310335051710197
US,op_conditioned_diffusion_ours,20260533,0.9000000000000001,0.17922681750554345,0.16670927340359082
US,op_conditioned_diffusion_ours,20260533,0.95,0.19326865456572384,0.18499613991848568
US,op_conditioned_diffusion_ours,20260533,1.0,0.20951496418297538,0.20951496418297538
