model,method_label,scenario_key,scenario_label,n_rows,n_seeds,mae_norm_mean,mae_norm_std,mae_norm_sem,rmse_norm_mean,rmse_norm_std,rmse_norm_sem,psnr_norm_mean,psnr_norm_std,psnr_norm_sem,ssim_norm_mean,ssim_norm_std,ssim_norm_sem,mae_kpa_mean,mae_kpa_std,mae_kpa_sem,rmse_kpa_mean,rmse_kpa_std,rmse_kpa_sem,spearman_pixel_mean,spearman_pixel_std,spearman_pixel_sem,crps_norm_mean,crps_norm_std,crps_norm_sem,posterior_std_norm_mean_mean,posterior_std_norm_mean_std,posterior_std_norm_mean_sem,uncertainty_error_spearman_mean,uncertainty_error_spearman_std,uncertainty_error_spearman_sem,failure_auroc_top10_abs_error_mean,failure_auroc_top10_abs_error_std,failure_auroc_top10_abs_error_sem,uce_mean,uce_std,uce_sem,ause_abs_error_mean,ause_abs_error_std,ause_abs_error_sem,pit_mean_mean,pit_mean_std,pit_mean_sem
train_mean_prior,Mean prior,iid_test,ID held-out,5,5,0.1440892666578292,0.0,0.0,0.2195225340582517,0.0,0.0,13.170417853325853,1.7763568394002505e-15,8.881784197001252e-16,0.0332627339073671,0.0,0.0,4.060465335845947,0.0,0.0,11.480061371004568,0.0,0.0,,0.0,0.0,,0.0,0.0,,0.0,0.0,,0.0,0.0,,0.0,0.0,,0.0,0.0,,0.0,0.0,,0.0,0.0
srcnn_bz_single_channel,SRCNN,iid_test,ID held-out,5,5,0.12076577842235559,0.004788259185512353,0.0023941295927561762,0.20515349582748668,0.0005557578528068237,0.00027787892640341184,13.75845344982397,0.023537733735450758,0.011768866867725377,0.15500849061287364,0.028894534753971926,0.014447267376985961,3.800243949890137,0.06319555369734398,0.03159777684867199,11.043185094602576,0.03304294140093235,0.016521470700466175,0.3310519933141013,0.0035659489918488385,0.0017829744959244193,0.12076577544212334,0.004788260574862972,0.0023941302874314857,0.0,0.0,0.0,,0.0,0.0,0.5,0.0,0.0,0.20356526638427058,0.000659692571955495,0.0003298462859777475,0.0952768471825586,0.0012388915135030255,0.0006194457567515127,0.14119967222213742,0.0013222951619384637,0.0006611475809692318
unet_canonical_bxyz,U-Net,iid_test,ID held-out,5,5,0.07435868382453914,0.003281385307955674,0.001640692653977837,0.15452658292989818,0.0016168030228955845,0.0008084015114477923,16.2204066986677,0.09020273798329392,0.04510136899164696,0.40342124952719766,0.037469313958150494,0.018734656979075247,2.879480981826782,0.06904763909867746,0.03452381954933873,9.136951432145938,0.1413848697403009,0.07069243487015046,0.5557480076291084,0.003934032824233306,0.001967016412116653,0.07435868531465525,0.0032813848652543456,0.0016406924326271726,0.0,0.0,0.0,,0.0,0.0,0.5,0.0,0.0,0.1528756931782995,0.0018503490047695078,0.0009251745023847538,0.06418872034963055,0.001492565742019389,0.0007462828710096944,0.10450908988714214,0.0051607256807039755,0.0025803628403519873
vanilla_diffusion,Vanilla diffusion,iid_test,ID held-out,5,5,0.44047567844390867,0.009536745395425423,0.004768372697712711,0.4541623338734069,0.010256252434260576,0.005128126217130288,6.857958749869574,0.19390034764892028,0.09695017382446014,0.0534611536798855,0.0006191476379489084,0.0003095738189744542,12.278799247741699,0.47677434352401277,0.23838717176200636,13.975845547571335,0.36632997601741746,0.1831649880087087,0.24510450696945987,0.012880274495189687,0.006440137247594844,,0.0,0.0,0.08592431843280787,0.007245853759479721,0.0036229268797398602,,0.0,0.0,,0.0,0.0,,0.0,0.0,,0.0,0.0,,0.0,0.0
explicit_residual_target_diffusion,Conditional diffusion,iid_test,ID held-out,5,5,0.08094238936901088,0.006786615083430994,0.0033933075417154966,0.15536923842011216,0.0025495605387627867,0.0012747802693813934,16.173856923385724,0.14145319807032825,0.07072659903516411,0.2639326792496901,0.06818283047952478,0.034091415239762383,2.9315781593322754,0.11640493284395038,0.058202466421975185,9.218623864174361,0.16622970563385325,0.08311485281692663,0.5459159749628836,0.0021901985888279143,0.0010950992944139572,0.05632433816790576,0.002807042451516675,0.0014035212257583372,0.06580830961465832,0.011955711945439913,0.0059778559727199565,0.7945371441174645,0.01884784301827425,0.009423921509137125,0.7945843157142047,0.014684305994825758,0.007342152997412879,0.07786045995117655,0.009768491865161212,0.004884245932580606,0.018222969543277578,0.0018852997156202647,0.0009426498578101323,0.4714539349079132,0.07008908650897026,0.03504454325448513
train_mean_prior,Mean prior,ood_unseen_depth_range,Depth OOD,5,5,0.1438805907964706,0.0,0.0,0.22275564417982627,2.7755575615628914e-17,1.3877787807814457e-17,13.043425660066552,0.0,0.0,0.0330969039350748,0.0,0.0,4.35940408706665,0.0,0.0,13.246117364878682,1.7763568394002505e-15,8.881784197001252e-16,,0.0,0.0,,0.0,0.0,,0.0,0.0,,0.0,0.0,,0.0,0.0,,0.0,0.0,,0.0,0.0,,0.0,0.0
srcnn_bz_single_channel,SRCNN,ood_unseen_depth_range,Depth OOD,5,5,0.12076184004545207,0.0044158819310226895,0.0022079409655113447,0.21235548640672466,0.0012008225736866703,0.0006004112868433351,13.458868810930221,0.049025590318011694,0.024512795159005847,0.15523244380019602,0.024619174408866466,0.012309587204433231,4.126642322540283,0.07162505093756731,0.03581252546878365,12.96164139269562,0.029122752250288594,0.014561376125144295,0.3195914033309084,0.002684433937682524,0.0013422169688412618,0.12076183855533595,0.004415882234049763,0.0022079411170248817,0.0,0.0,0.0,,0.0,0.0,0.5,0.0,0.0,0.2103870589393478,0.0012456069260563388,0.0006228034630281694,0.08251556351893244,0.0012660039107597334,0.0006330019553798666,0.14194259643554685,0.0016667784418061824,0.0008333892209030912
unet_canonical_bxyz,U-Net,ood_unseen_depth_range,Depth OOD,5,5,0.07552630305290217,0.0038649180893867907,0.0019324590446933956,0.15752257751472806,0.001860162966978412,0.000930081483489206,16.053750771896382,0.10274036948237315,0.05137018474118658,0.3994130171835423,0.03697265691646482,0.018486328458232407,3.15028772354126,0.0722375330905637,0.036118766545281844,10.841863498191143,0.06562900187714707,0.032814500938573535,0.5492676785693019,0.0026338065484030533,0.0013169032742015266,0.0755263060331344,0.0038649189714883496,0.0019324594857441746,0.0,0.0,0.0,,0.0,0.0,0.5,0.0,0.0,0.15590867522704208,0.00189162199601697,0.0009458109980084849,0.05744270772068692,0.002120977669306934,0.001060488834653467,0.11313858032226558,0.003998649012558348,0.001999324506279174
vanilla_diffusion,Vanilla diffusion,ood_unseen_depth_range,Depth OOD,5,5,0.4388254225254059,0.019003819459972506,0.009501909729986251,0.4524173766948413,0.019911015781787066,0.009955507890893533,6.897488243340492,0.3775604683343285,0.18878023416716425,0.05050993408076463,0.00044435515653696564,0.00022217757826848282,12.570784187316894,0.9407422058239152,0.4703711029119576,15.216845559674681,0.6182947007959833,0.3091473503979916,0.2500820745180582,0.005128517622097006,0.0025642588110485025,,0.0,0.0,0.08817719817161557,0.00606602450505719,0.003033012252528595,,0.0,0.0,,0.0,0.0,,0.0,0.0,,0.0,0.0,,0.0,0.0
explicit_residual_target_diffusion,Conditional diffusion,ood_unseen_depth_range,Depth OOD,5,5,0.08360829055309289,0.007009213500301955,0.003504606750150977,0.15939708407258954,0.0027929382567789215,0.0013964691283894605,15.951728878268028,0.15244646247215246,0.07622323123607623,0.24262350085191425,0.04496955316580041,0.022484776582900205,3.2412741661071776,0.10726924047481373,0.053634620237406866,10.942842109754178,0.09077146544996745,0.045385732724983724,0.5406554519090824,0.006220231965950593,0.0031101159829752963,0.05759450867772098,0.003212609085425127,0.0016063045427125635,0.06904045119881627,0.014372461267679706,0.007186230633839853,0.7850793547845162,0.03640667131090552,0.01820333565545276,0.796651564616327,0.009088652763708927,0.0045443263818544626,0.07745635216402165,0.012251766159993845,0.006125883079996923,0.0181721374866155,0.0013037373261970155,0.0006518686630985077,0.4665087699890137,0.0884385752691647,0.04421928763458234
train_mean_prior,Mean prior,ood_unseen_layer_modulus,Mechanical-background OOD,5,5,0.1460379064083099,0.0,0.0,0.22549249935045973,2.7755575615628914e-17,1.3877787807814457e-17,12.937357993226666,1.7763568394002505e-15,8.881784197001252e-16,0.0317656520346645,0.0,0.0,4.367835521697998,0.0,0.0,12.731186693471408,0.0,0.0,,0.0,0.0,,0.0,0.0,,0.0,0.0,,0.0,0.0,,0.0,0.0,,0.0,0.0,,0.0,0.0,,0.0,0.0
srcnn_bz_single_channel,SRCNN,ood_unseen_layer_modulus,Mechanical-background OOD,5,5,0.1175884291529655,0.0021058363394256133,0.0010529181697128064,0.20208003834474528,0.00046137651388857855,0.00023068825694428927,13.889554320481988,0.019827345554689495,0.009913672777344748,0.15912609151564533,0.019439555057302597,0.009719777528651299,4.030558395385742,0.02956013224386039,0.014780066121930193,12.204848539345011,0.05150103161410838,0.025750515807054185,0.4085346587045837,0.0031249776212832195,0.0015624888106416095,0.11758842766284938,0.0021058350869067126,0.0010529175434533563,0.0,0.0,0.0,,0.0,0.0,0.5,0.0,0.0,0.20093282066548857,0.00048327232057213565,0.00024163616028606783,0.08317479849235457,0.0012078599470407999,0.0006039299735203999,0.14400329589843747,0.001367883845515163,0.0006839419227575815
unet_canonical_bxyz,U-Net,ood_unseen_layer_modulus,Mechanical-background OOD,5,5,0.07318101525306696,0.002749701793436649,0.0013748508967183245,0.15179761521658114,0.0025261580832938706,0.001263079041646935,16.375891325195006,0.14342321165795327,0.07171160582897664,0.38903184849768874,0.05646669447909069,0.02823334723954534,2.9880269050598143,0.0742590654017283,0.037129532700864144,9.69638595851568,0.25421527395428656,0.12710763697714328,0.5466526228145698,0.011210840265271672,0.005605420132635836,0.07318101525306696,0.002749701793436649,0.0013748508967183245,0.0,0.0,0.0,,0.0,0.0,0.5,0.0,0.0,0.14953974056599723,0.0025537020698091586,0.0012768510349045793,0.05253781636806952,0.0011197274853403814,0.0005598637426701906,0.1175491333007812,0.00654333206135989,0.0032716660306799446
vanilla_diffusion,Vanilla diffusion,ood_unseen_layer_modulus,Mechanical-background OOD,5,5,0.4511463284492493,0.017410172354574805,0.0087050861772874,0.4649690084116623,0.0185504469634331,0.009275223481716548,6.658409695278602,0.34566274169955413,0.17283137084977704,0.04781070356839332,0.0005049347453233592,0.00025246737266167954,13.094568824768066,0.8896530140814979,0.44482650704074894,15.150754780212072,0.6439462876097867,0.32197314380489334,0.3115788164198978,0.02584069763572175,0.012920348817860874,,0.0,0.0,0.08492231518030162,0.008356690133898328,0.004178345066949164,,0.0,0.0,,0.0,0.0,,0.0,0.0,,0.0,0.0,,0.0,0.0
explicit_residual_target_diffusion,Conditional diffusion,ood_unseen_layer_modulus,Mechanical-background OOD,5,5,0.08781896531581874,0.01800984744466368,0.00900492372233184,0.15785352100260297,0.00662119949179906,0.00331059974589953,16.04231000638159,0.35550949687107275,0.17775474843553637,0.24310550505761053,0.09861214204697918,0.04930607102348959,3.2079439640045164,0.23772906837128155,0.11886453418564076,9.857056668576845,0.28022816882922136,0.14011408441461065,0.5500376763072206,0.0053150682924240035,0.0026575341462120017,0.060580561310052836,0.01185638069596724,0.00592819034798362,0.07334608957171437,0.012665787235684749,0.006332893617842374,0.7876262748880014,0.06813134861042915,0.034065674305214566,0.811800920522584,0.038038165637074337,0.019019082818537168,0.0683193459651132,0.007757211832312084,0.0038786059161560415,0.01595334757847818,0.003920184373036894,0.001960092186518447,0.44688212871551514,0.16897220055704568,0.08448610027852285
train_mean_prior,Mean prior,ood_unseen_operator_noise,Noise/drift OOD,5,5,0.1387180089950561,0.0,0.0,0.2099162830506646,0.0,0.0,13.55907744419056,1.7763568394002505e-15,8.881784197001252e-16,0.0306947253411635,0.0,0.0,3.739305257797241,0.0,0.0,10.71926353714697,0.0,0.0,,0.0,0.0,,0.0,0.0,,0.0,0.0,,0.0,0.0,,0.0,0.0,,0.0,0.0,,0.0,0.0,,0.0,0.0
srcnn_bz_single_channel,SRCNN,ood_unseen_operator_noise,Noise/drift OOD,5,5,0.1103480070829391,0.0025097965794298764,0.0012548982897149382,0.19068860495619827,0.0005109414696354577,0.00025547073481772885,14.393536352240394,0.023275088904734818,0.011637544452367407,0.16805628426373,0.01297853533966724,0.006489267669833619,3.4012333869934084,0.03498335820529961,0.017491679102649805,10.219960726446757,0.05322638196823663,0.026613190984118316,0.37243582306985445,0.0031076802007042824,0.0015538401003521412,0.11034800112247463,0.0025097936564676872,0.0012548968282338434,0.0,0.0,0.0,,0.0,0.0,0.5,0.0,0.0,0.18763264326849755,0.000680481223645241,0.0003402406118226205,0.08020394489191049,0.0011537945508209556,0.0005768972754104778,0.1372909545898437,0.002089345596336506,0.001044672798168253
unet_canonical_bxyz,U-Net,ood_unseen_operator_noise,Noise/drift OOD,5,5,0.07306052595376963,0.0020401938658717107,0.0010200969329358554,0.15068746430569058,0.002735871289698473,0.0013679356448492365,16.43989368187973,0.15808053063741231,0.07904026531870616,0.4053906327113509,0.0276924431554015,0.01384622157770075,2.642827033996582,0.05344447618608825,0.02672223809304412,8.149239988218175,0.13323260184132002,0.06661630092066001,0.5232614288294263,0.007371742187179101,0.00368587109358955,0.07306052744388576,0.002040195637790475,0.0010200978188952372,0.0,0.0,0.0,,0.0,0.0,0.5,0.0,0.0,0.1493465128735572,0.002902727286878615,0.0014513636434393073,0.05825057424776806,0.0026898026016449065,0.0013449013008224532,0.10829620361328121,0.004051708758083211,0.0020258543790416055
vanilla_diffusion,Vanilla diffusion,ood_unseen_operator_noise,Noise/drift OOD,5,5,0.45452251434326174,0.01861434218298452,0.00930717109149226,0.46880068600536867,0.019459225363218507,0.009729612681609254,6.587660461280224,0.35846661269983177,0.17923330634991588,0.04344547911605327,0.0012113212543919652,0.0006056606271959825,12.812392425537109,0.9659728263698748,0.4829864131849374,14.146984572739267,0.774092830732365,0.3870464153661825,0.25459673273586325,0.03148381700513369,0.015741908502566848,,0.0,0.0,0.08877554088830944,0.004310906191622966,0.0021554530958114828,,0.0,0.0,,0.0,0.0,,0.0,0.0,,0.0,0.0,,0.0,0.0
explicit_residual_target_diffusion,Conditional diffusion,ood_unseen_operator_noise,Noise/drift OOD,5,5,0.08783109337091441,0.013440252448621955,0.006720126224310977,0.15373439764409946,0.005093197243145242,0.0025465986215726204,16.269271102054674,0.2843795005284927,0.14218975026424632,0.20969427331583573,0.08507073923689021,0.042535369618445104,2.8134700775146486,0.1811954427637639,0.09059772138188195,8.209888934966568,0.2108640207107701,0.10543201035538505,0.5074526941940258,0.004930260307104943,0.0024651301535524714,0.05892748832702632,0.008685826110616223,0.004342913055308112,0.07813331633806223,0.011871062263075485,0.0059355311315377425,0.759738223505259,0.05077948870781101,0.025389744353905504,0.7750756358464287,0.02431121631342564,0.012155608156712818,0.0652166984031565,0.009720069038849012,0.004860034519424506,0.019446506397855102,0.0021851999481312693,0.0010925999740656344,0.42712717056274413,0.14115196976193153,0.07057598488096577
train_mean_prior,Mean prior,ood_unseen_shape,Morphology OOD,5,5,0.1397266536951065,0.0,0.0,0.21921222251532582,2.7755575615628914e-17,1.3877787807814457e-17,13.182704695087711,0.0,0.0,0.0261623403639532,0.0,0.0,4.238651752471924,0.0,0.0,13.063722982147812,1.7763568394002505e-15,8.881784197001252e-16,,0.0,0.0,,0.0,0.0,,0.0,0.0,,0.0,0.0,,0.0,0.0,,0.0,0.0,,0.0,0.0,,0.0,0.0
srcnn_bz_single_channel,SRCNN,ood_unseen_shape,Morphology OOD,5,5,0.11734126806259153,0.00328831091721439,0.0016441554586071948,0.20975130297415917,0.0009272713082070168,0.0004636356541035084,13.56599137997425,0.03834781948916489,0.01917390974458244,0.15339986302424222,0.013092704504301141,0.00654635225215057,4.0254942893981935,0.050300577339043376,0.025150288669521688,12.79476352018977,0.03132759926596753,0.015663799632983765,0.3085528435284364,0.003982222897105235,0.0019911114485526176,0.11734127402305601,0.003288313554178569,0.0016441567770892843,0.0,0.0,0.0,,0.0,0.0,0.5,0.0,0.0,0.20686983654172866,0.0009513567674164496,0.00047567838370822475,0.08522894949491991,0.0012889116625133198,0.00064445583125666,0.12577438354492185,0.0014395759768190068,0.0007197879884095033
unet_canonical_bxyz,U-Net,ood_unseen_shape,Morphology OOD,5,5,0.08596349060535427,0.0014563478744154927,0.0007281739372077463,0.17949368730867826,0.0014041159001524134,0.0007020579500762067,14.919282426651975,0.06799484838993332,0.03399742419496666,0.3603021512273699,0.01997414943133156,0.00998707471566578,3.424205207824707,0.03635098629075012,0.01817549314537506,11.553786354246544,0.09740032242835302,0.04870016121417651,0.45567240242865764,0.00492897323001651,0.0024644866150082545,0.08596349060535427,0.0014563445739948415,0.0007281722869974206,0.0,0.0,0.0,,0.0,0.0,0.5,0.0,0.0,0.17588871204988937,0.0015150866469580187,0.0007575433234790093,0.06702795456615726,0.0015691618475971386,0.0007845809237985692,0.10724334716796873,0.004831056117336539,0.0024155280586682696
vanilla_diffusion,Vanilla diffusion,ood_unseen_shape,Morphology OOD,5,5,0.45770888328552245,0.020037493773840197,0.010018746886920098,0.468628787138843,0.02095313635063147,0.010476568175315734,6.591982912408817,0.3843147246715628,0.19215736233578137,0.02827818357181964,0.0002998981798314461,0.00014994908991572303,13.29715175628662,1.0389421986281038,0.5194710993140519,15.52205259275048,0.7166870069254875,0.3583435034627437,0.25763286485779585,0.01507643522898358,0.00753821761449179,,0.0,0.0,0.09240589886903758,0.01020088973772267,0.005100444868861335,,0.0,0.0,,0.0,0.0,,0.0,0.0,,0.0,0.0,,0.0,0.0
explicit_residual_target_diffusion,Conditional diffusion,ood_unseen_shape,Morphology OOD,5,5,0.09822026491165156,0.008334570082808305,0.004167285041404152,0.18091830289396815,0.0018087829072452864,0.0009043914536226432,14.850783085613376,0.08670278217132862,0.043351391085664305,0.18237781276693563,0.06832706717243098,0.03416353358621549,3.5618807792663576,0.12749858383015583,0.0637492919150779,11.581281824717447,0.12633870098956512,0.06316935049478256,0.46211760018396325,0.0035782502355432328,0.0017891251177716164,0.06836404800415033,0.005647225135525359,0.0028236125677626794,0.07847663089632986,0.016467544089601067,0.008233772044800533,0.7877230569379355,0.024445716678152662,0.012222858339076331,0.7978335378632124,0.010154617230136007,0.0050773086150680035,0.08730452125077928,0.014781001894882009,0.0073905009474410045,0.02047763544102536,0.0010143013892810876,0.0005071506946405438,0.40893676280975344,0.1374965688130935,0.06874828440654673
