figure,target,axis,recommended_classes,n_classes,minimum_per_class,current_reference_support,role_in_domain_randomization
Figure 2,"2D apparent mechanics posterior p(E_app(x,y), boundary, contrast | y_d, d, q_d)",operator/readout,"MMP, PIEZO_PASSIVE, ULTRASOUND_STRAIN",3,>= 500 train configs for primary MMP; >= 150 simulated benchmark readouts for piezo/US as operator-shift tests,"MMP manifest rows=2380, trainable cases=445; piezo=150; US=150",operator randomization: different forward readout kernels and noise/contact modes
Figure 2,"2D apparent mechanics posterior p(E_app(x,y), boundary, contrast | y_d, d, q_d)",morphology/source,"synthetic geometric primitives, clinical lesion priors, phantom anchors",3,>= 200 configs/class for learning curve; phantom anchors can be smaller but must be reserved for support coverage,"clinical support: 4 datasets, 21 canonical terms; public projection n=3300, target n=591","morphology randomization: shape, area, boundary roughness, lesion priors"
Figure 2,"2D apparent mechanics posterior p(E_app(x,y), boundary, contrast | y_d, d, q_d)",contrast,"soft/hypoelastic, matched-low-contrast, stiff/hyperelastic",3,>= 500 train configs/class or balanced by inverse-frequency sampling,3D rigidity scalar labels expose log contrast ck/log_ck; piezo/US manifests expose A_contrast and H_heterogeneity,mechanical contrast randomization and low-observability stress test
Figure 2,"2D apparent mechanics posterior p(E_app(x,y), boundary, contrast | y_d, d, q_d)",noise/contact/calibration,"clean, low-noise/calibration-shift, high-noise/contact-shift",3,>= 3 stochastic seeds per config; keep all noise siblings inside same split,MMP strain/readout rows plus piezo/US bonded/tilted and u_load/compression levels,measurement-process randomization without truth leakage
Figure 3,"3D latent mechanics posterior p(E(x,y,z), z_top, z_bottom, thickness | y_d, d, q_d)",operator/readout,"MMP, PIEZO_PASSIVE, ULTRASOUND_STRAIN",3,">= 1000 MMP configs for primary posterior; piezo/US at least existing 150 readouts/operator for observability benchmark, expand to >= 500/operator for final learning-curve claim",MMP trainable=445; piezo=150; US=150,operator observability: MMP/US should constrain depth better; piezo should show wider or multimodal posterior in deep/low-observability cases
Figure 3,"3D latent mechanics posterior p(E(x,y,z), z_top, z_bottom, thickness | y_d, d, q_d)",depth,"shallow 0-0.75 mm, mid 0.75-1.5 mm, deep 1.5-3 mm, OOD-deep >3 mm",4,"ID bins: >= 300 train configs/bin; OOD-deep: held-out only, >= 100 configs for failure utility","3D rigidity depth levels=14 values=[0.3, 0.6, 0.9, 1.0, 1.2, 2.0, 2.4, 3.0, 3.6, 4.0, 4.5, 5.0, 5.5, 6.0]",depth randomization plus explicit OOD depth holdout
Figure 3,"3D latent mechanics posterior p(E(x,y,z), z_top, z_bottom, thickness | y_d, d, q_d)",thickness,"thin, medium, thick",3,">= 300 train configs/class, stratified inside depth bins",Current manifest has depth priors and H_heterogeneity; explicit z_top/thickness truth should be normalized into depth_truth.csv,thickness randomization separates depth vs volume effects
Figure 3,"3D latent mechanics posterior p(E(x,y,z), z_top, z_bottom, thickness | y_d, d, q_d)",contrast,"soft/hypoelastic, matched-low-contrast, stiff/hyperelastic",3,>= 300 train configs/class; oversample low-contrast because it drives multimodal posterior,E_tag/ck/log_ck in 3D rigidity mapping; A_contrast in piezo/US/MMP manifests,contrast randomization and posterior ambiguity stress test
Figure 3,"3D latent mechanics posterior p(E(x,y,z), z_top, z_bottom, thickness | y_d, d, q_d)",contact/load/noise,"baseline, mild shift, hard shift",3,>= 3 seeds/config; contact/load siblings must share config split,MMP strain levels=10; piezo/US use 5 u_load/compression levels and bonded/tilted contact,operator metadata q_d randomization and robustness gate
