gate,applies_to,pass_threshold,yellow_threshold,fail_threshold,outputs
G0 inventory/leakage,Figure 2 and Figure 3,No shared config_id across train/val/test; no repeated latent target across splits under only noise changes; no truth fields inside operator metadata q_d; no test/real normalization leakage,Provenance incomplete but no detected split leakage,Any config/latent target leakage or posterior derived from truth,"inventory CSV, split audit, duplicate hash audit"
G1 simulator support,Figure 2 and Figure 3,>=90% phantom/animal/ex vivo MMP readouts fall inside 95% simulated feature envelope; two-sample AUC near chance after matching,75-90% inside support or phantom-only pass,<75% inside support,kNN/Mahalanobis/MMD/conformal p-value support report
G2 learning plateau,Figure 2 and Figure 3,Last-doubling improvement <3-5%; current library >= estimated N90; seed SD <10% of mean,Plateau in point metrics but not CRPS/calibration,Primary metrics still improve strongly at largest N,"learning_curve_fits.csv, N90/N95/AULC"
G3 method-level data efficiency,Figure 2 and Figure 3,"DER_MAE or DER_CRPS >=2 versus strongest baseline, or same-N CRPS/calibration/failure utility clearly better",Full-data performance best but N90 advantage <2x,No stable advantage in low-data or full-data regimes,DER table and confidence intervals
G4 Figure 2 reconstruction,Figure 2,MAE/SSIM/Boundary-F1/CRPS plateau; rejecting top 20% uncertainty reduces MAE or CRPS >=25%,Good maps but calibration weak,Boundary or support-distance errors not controlled,fig2_metrics_by_N.csv
G5 Figure 3 posterior,Figure 3,"In-support MMP/US z_bottom MAE <=0.5-0.75 mm, P90AE <=1.5 mm, CRPS improves >=15-25%, interval IoU >=0.55-0.60; piezo deep cases show appropriately broad/multimodal posterior",Good point depth but posterior too conservative,Depth posterior not calibrated or operator observability contradicted,fig3_metrics_by_N.csv
G6 calibration/sharpness,Figure 2 and Figure 3,|Cov90-0.90| <=0.03 ID or <=0.05 hard/OOD; Width90 not inflated; PIT not strongly U-shaped/inverse-U; UCE/ENCE improves,Coverage fixed only by broadening interval,Cov90 <0.80 or >0.98 with wide intervals,calibration_metrics.csv
G7 OOD/failure utility,Figure 2 and Figure 3,AUROC_fail >=0.75-0.80; AUPRC >=2x prevalence; risk at 80% retained decreases; AUSE improves >=15-20%,Uncertainty increases with OOD but failure AUROC weak,Uncertainty unrelated to high-error cases,ood_failure_metrics.csv
G8 projection consistency,Merge Figure 2 and Figure 3,"NMAE(E_app_2D, P_z[E_xyz]) <=0.10-0.15; SSIM >=0.80-0.85; centroid shift <=0.5-1.0 mm; area difference <=15-20%",Map projection consistent but boundary shifts,2D and 3D posteriors describe inconsistent biomechanical states,projection_consistency_metrics.csv
