r_mm,MMP,PIEZO,US
0.0,1.0,1.0,1.0
0.03773584905660377,0.9990898047119703,0.9974716562294719,0.9997421800400078
0.07547169811320754,0.9963630555176773,0.9899249154421086,0.9989691189182761
0.11320754716981132,0.9918347874000112,0.9774736843516741,0.9976820118818138
0.1509433962264151,0.9855298675959497,0.9603046252655786,0.9958828475869272
0.18867924528301885,0.9774827940450835,0.938672500158299,0.9935744029791154
0.22641509433962265,0.9677374152726995,0.912893881722384,0.990760236150782
0.2641509433962264,0.9563465773475498,0.8833394483449163,0.9874446772024763
0.3018867924528302,0.9433717048537935,0.8504251249922425,0.9836328171405184
0.33962264150943394,0.9288823240336594,0.8146023655925028,0.9793304948508552
0.3773584905660377,0.9129555373543896,0.7763478934684118,0.974544282195799
0.4150943396226415,0.8956754596857859,0.7361532241353509,0.9692814672868932
0.4528301886792453,0.877132626992176,0.6945142894552676,0.9635500359934951
0.49056603773584906,0.8574233888869075,0.6519214644786406,0.9573586517527419
0.5283018867924528,0.8366492965047253,0.6088502696425846,0.9507166337523407
0.5660377358490566,0.8149164968496213,0.5657529831280572,0.9436339335630689
0.6037735849056604,0.7923351440042399,0.523051353274718,0.9361211103029792
0.6415094339622641,0.76901883627696,0.4811305513914122,0.9281893044200303
0.6792452830188679,0.7450840864601745,0.440334453547513,0.9198502101842078
0.7169811320754716,0.7206498298424872,0.4009622883937012,0.9111160469841374
0.7547169811320754,0.6958369714511453,0.3632666389682068,0.9019995295267061
0.7924528301886792,0.6707679702301537,0.32745274173860944,0.8925138370412887
0.830188679245283,0.6455664535643112,0.2936789873862397,0.8826725815928104
0.8679245283018867,0.6203568508786279,0.26205849621675226,0.872489775610063
0.9056603773584906,0.5952640301806738,0.23266161728907325,0.8619797987374159
0.9433962264150944,0.5704129166441584,0.20551918466716604,0.8511573641193232
0.9811320754716981,0.5459280679963688,0.18062635647332584,0.8400374842278343
1.0188679245283019,0.521933177969434,0.15794686215232415,0.8286354363436522
1.0566037735849056,0.49855047684669807,0.13741748973744913,0.816966727801166
1.0943396226415094,0.47589999763790297,0.11895265691230893,0.8050470611073177
1.1320754716981132,0.4540986780896408,0.10244892611046467,0.7928922990431532
1.169811320754717,0.4332592729608534,0.08778934354533405,0.7805184298554606
1.2075471698113207,0.4134890580416798,0.07484750367718945,0.7679415326440434
1.2452830188679245,0.3948883173887913,0.06349126303257174,0.7551777430479039
1.2830188679245282,0.3775486181135268,0.05358604944362015,0.7422432193309584
1.320754716981132,0.361550892475967,0.044997733777364955,0.7291541089648848
1.3584905660377358,0.3469633644328868,0.03759505036544069,0.7159265158033187
1.3962264150943395,0.3338393763179317,0.03125156910148392,0.7025764679379195
1.4339622641509433,0.32221518990679515,0.025847236214364393,0.6891198863228077
1.471698113207547,0.3121078534413088,0.021269511895097633,0.6755725542495882
1.5094339622641508,0.3035132408214011,0.017414141255584742,0.6619500877506153
1.5471698113207546,0.29640437964965777,0.014185600661561324,0.6482679070033772
1.5849056603773584,0.2907301897312513,0.011497264546657648,0.6345412088038823
1.6226415094339621,0.28641475179555165,0.009271338689213569,0.6207849401717639
1.660377358490566,0.28335721674871445,0.007438604973590789,0.6070137731444967
1.6981132075471697,0.2814324482718207,0.005938020237679941,0.5932420808126737
1.7358490566037734,0.28049246617347856,0.004716208299718329,0.5794839146427512
1.7735849056603772,0.28036872531920765,0.003726880011159852,0.5657529831280572
1.8113207547169812,0.2808752265389466,0.0029302115145943834,0.5520626318032064
1.849056603773585,0.281812413582513,0.0022922060696965387,0.5384258246513961
1.8867924528301887,0.2829717663576561,0.0017840600707705974,0.5248551269284023
1.9245283018867925,0.2841409580904806,0.001381549391993862,0.5113626894214742
1.9622641509433962,0.2851094055856566,0.0010644480883726405,0.4979602341557674
2.0,0.28567401025634453,0.0008159878350721483,0.48465904155548484
2.0377358490566038,0.28564486556474067,0.0006223633498389376,0.4714699390615314
2.0754716981132075,0.2848506959688129,0.0004722864249736492,0.4584032912022533
2.1132075471698113,0.28314379470717504,0.00035658908322143624,0.44546899110875304
2.150943396226415,0.28040424322386803,0.0002678747332327784,0.43267645346136013
2.188679245283019,0.27654322326989855,0.00020021498886832294,0.42003460884911137
2.2264150943396226,0.27150527233202043,0.0001488889786250247,0.40755189951957826
2.2641509433962264,0.265269381805388,0.00011016144947257009,0.39523627649208
2.30188679245283,0.2578488923320756,8.109570620465608e-05,0.3830951980032515
2.339622641509434,0.24929019858436371,5.939736870259119e-05,0.3711356292501191
2.3773584905660377,0.23967033287336928,4.3285025716135814e-05,0.3593640433922647
2.4150943396226414,0.22909354975921278,3.138407125248741e-05,0.34778642377136254
2.452830188679245,0.2176870791036124,2.26402912773558e-05,0.3364082673033348
2.490566037735849,0.2055962500815363,1.6250093581355947e-05,0.3252345889956216
2.5283018867924527,0.19297921165448845,1.1604618036748052e-05,0.31426992753958205
2.5660377358490565,0.18000148488449502,8.24530949448272e-06,0.30351835192585286
2.6037735849056602,0.1668305791445668,5.828867739462151e-06,0.2929834690285774
2.641509433962264,0.1536308885679343,4.099799024246976e-06,0.2826684321027941
2.6792452830188678,0.1405590585827899,2.869076062477464e-06,0.27257595013792574
2.7169811320754715,0.12775997734703634,1.997665107053674e-06,0.26270829800924184
2.7547169811320753,0.11536350600764227,1.3838991206444046e-06,0.25306732736836757
2.792452830188679,0.10348201784825711,9.538658715414657e-07,0.2436544782133873
2.830188679245283,0.0922087724238626,6.541409163802786e-07,0.23447079107881474
2.8679245283018866,0.08161710935159926,4.463303785539884e-07,0.2255169197856875
2.9056603773584904,0.07176040977042847,3.0300005474591154e-07,0.21679314469226443
2.943396226415094,0.0626727433095164,2.0465864494599552e-07,0.20829938638626153
2.981132075471698,0.054370095826814555,1.3753670297638383e-07,0.20003521976023947
3.0188679245283017,0.04685205868816634,9.196196695888894e-08,0.19199988841264365
3.0566037735849054,0.04010385386114334,6.117852778842797e-08,0.18419231931808439
3.094339622641509,0.03409856999406348,4.049402246799678e-08,0.1766111377117148
3.132075471698113,0.02879949193191054,2.6667600762606866e-08,0.16925468213401024
3.1698113207547167,0.02416241849900369,1.7473427306176712e-08,0.16212101958385328
3.2075471698113205,0.020137879413682905,1.1391302318903778e-08,0.15520796072957765
3.2452830188679243,0.01667318042525689,7.3887298150048635e-09,0.14851307512950412
3.283018867924528,0.013714224789874161,4.768341173346984e-09,0.14203370641549698
3.320754716981132,0.011207077806774147,3.0617236199413947e-09,0.13576698739517076
3.3584905660377355,0.009099258321167446,1.9559861501286642e-09,0.12970985503056565
3.3962264150943393,0.007340756123870403,1.243273547882282e-09,0.1238590652533759
3.433962264150943,0.005884786565108354,7.862646301014777e-10,0.11821120757914316
3.471698113207547,0.004688303226494881,4.947341767754559e-10,0.1127627194852015
3.5094339622641506,0.0037122961583242,3.097249660146277e-10,0.10750990051957532
3.5471698113207544,0.0029219071662472287,1.9292194980995605e-10,0.10244892611046467
3.584905660377358,0.0022863952324934777,1.1956063108883442e-10,0.0975758610484013
3.6226415094339623,0.0017789847777852949,7.372179186139658e-11,0.09288667261560395
3.660377358490566,0.0013766275476241633,4.5227719898305256e-11,0.08837724333949716
3.69811320754717,0.0010597058799925137,2.7606708705382473e-11,0.08404338334977104
3.7358490566037736,0.0008117013922618429,1.6765854747045198e-11,0.07988084232074127
3.7735849056603774,0.0006188490753565431,1.013066357653984e-11,0.07588532098310811
3.811320754716981,0.00046979270248274723,6.090475703388276e-12,0.07205248219150563
3.849056603773585,0.00035525357923779454,3.643054465795271e-12,0.06837796153646374
3.8867924528301887,0.00026772114536276757,2.1681096431374777e-12,0.0648573774915761
3.9245283018867925,0.0002011708873709382,1.2838016970891777e-12,0.061486341088761706
3.9622641509433962,0.00015081248386656626,7.563377502968902e-13,0.058260465116530005
4.0,0.00011286908648171409,4.433377746328046e-13,0.055175372838094545
4.037735849056603,8.438711155979163e-05,2.5855612128698853e-13,0.05222670622803149
4.0754716981132075,6.307483151011601e-05,1.500292847479808e-13,0.04941013372793825
4.113207547169811,4.7167347759162935e-05,8.661605132099324e-14,0.046721357523212895
4.150943396226415,3.531513174450982e-05,4.975329534429555e-14,0.0441561203446421
4.188679245283018,2.649316933167827e-05,2.843455581569571e-14,0.04171021179995818
4.226415094339623,1.992777504711167e-05,1.6168590930890948e-14,0.03937947424189212
4.264150943396226,1.5038300703006702e-05,9.147428552128803e-15,0.03715980818052224
4.30188679245283,1.1391202218787727e-05,5.149048780334436e-15,0.035047177248883114
4.339622641509433,8.664211726493793e-06,2.8837400826158247e-15,0.033037612731870725
4.377358490566038,6.618661121246628e-06,1.6068907445891763e-15,0.031127217669443836
4.415094339622641,5.078297667983941e-06,8.908769290781548e-16,0.02931217054599459
4.452830188679245,3.91320837796837e-06,4.914170298625422e-16,0.027588728578530033
4.4905660377358485,3.0277193368321655e-06,2.697017849841321e-16,0.025953230616987354
4.528301886792453,2.351354922889761e-06,1.4727145123098545e-16,0.02440209967058696
4.566037735849056,1.8321289132538947e-06,8.001187350156454e-17,0.02293184507462624
4.60377358490566,1.4315959769700162e-06,4.325053066841792e-17,0.021539064312522057
4.641509433962264,1.1212204816101255e-06,2.3261063606553198e-17,0.02022044450823813
4.679245283018868,8.797231053125498e-07,1.2447118518680835e-17,0.018972763604475987
4.716981132075471,6.911479417783548e-07,6.6268815554980814e-18,0.017792891242179157
4.754716981132075,5.434570685403399e-07,3.510352420553916e-18,0.016677789356995237
4.792452830188679,4.275091412485433e-07,1.8500921404936154e-18,0.0156245125083697
4.830188679245283,3.3631635284086166e-07,9.701460605167115e-19,0.014630207956907943
4.867924528301887,2.6450253301341414e-07,5.061532366473393e-19,0.01369211550554718
4.90566037735849,2.079063350827371e-07,2.6274111570564e-19,0.01280756711992544
4.943396226415095,1.632890606104061e-07,1.3569854429280152e-19,0.01197398634313263
4.981132075471698,1.2811806517236489e-07,6.973061015636748e-20,0.0111888875197752
5.018867924528302,1.0040493830831789e-07,3.5651094679319066e-20,0.010449874843991949
5.056603773584905,7.858358086915178e-08,1.8135243922893757e-20,0.009754641245723153
5.09433962264151,6.141754001005076e-08,9.178570766032249e-21,0.009100967129165657
5.132075471698113,4.7928975241827636e-08,4.6219777188904965e-21,0.008486718976945789
5.169811320754717,3.7343765212156813e-08,2.3156971547373087e-21,0.007909847833112715
5.2075471698113205,2.9048777611600327e-08,1.1543481309742644e-21,0.0073683876776034435
5.245283018867925,2.2558396724784517e-08,5.725230467357772e-22,0.006860453704357576
5.283018867924528,1.748816540594341e-08,2.8252069827423202e-22,0.006384240514771642
5.320754716981132,1.3533943219777459e-08,1.3871029513366692e-22,0.005938020237679941
5.3584905660377355,1.0455375184758367e-08,6.775919661640217e-23,0.005520140586537029
5.39622641509434,8.0627513797906e-09,3.293282058198156e-23,0.005129022863956762
5.433962264150943,6.206548163933825e-09,1.5925414165315427e-23,0.004763159923239523
5.471698113207547,4.7690987667099835e-09,7.662203298494707e-24,0.004421114095993052
5.509433962264151,3.6579596747088353e-09,3.667902083790761e-24,0.004101515094427979
5.547169811320755,2.8006300869645134e-09,1.7469598497996186e-24,0.003803057896386862
5.584905660377358,2.1403520855014196e-09,8.278454031943996e-25,0.0035245006206494865
5.622641509433962,1.6327742488855803e-09,3.9031629892644314e-25,0.003264662399547159
5.660377358490566,1.2433049217427166e-09,1.8309869967372107e-25,0.003022421255418613
5.69811320754717,9.450159183568218e-10,8.545843998214524e-26,0.0027967119869496395
5.735849056603773,7.16985053929474e-10,3.968494555393377e-26,0.0025865240709606716
5.773584905660377,5.429880387976748e-10,1.83357105519256e-26,0.002390899584741163
5.811320754716981,4.1046806351108104e-10,8.428898572716529e-27,0.0022089311535791745
5.849056603773585,3.0972571667174434e-10,3.855183360178437e-27,0.002039759927698629
5.886792452830188,2.3328339590121e-10,1.7543667079021536e-27,0.0018825735923974892
5.9245283018867925,1.7538763720526637e-10,7.943224611727958e-28,0.0017366044147769262
5.962264150943396,1.3162023312705536e-10,3.5782809550830433e-28,0.0016011273300661772
6.0,9.859498475472383e-11,1.603810890548638e-28,0.001475458070179471
